"Level","site","ID_order","from","to","Taxon","Reads","Fx"
"k","Bird Observatory","PUF_MBO_01","20/05/2024","03/06/2024","Metazoa_33208",1779,1
"k","Bird Observatory","PUF_MBO_02","03/06/2024","17/06/2024","Metazoa_33208",15222,1
"k","Bird Observatory","PUF_MBO_03","17/06/2024","01/07/2024","Metazoa_33208",444,1
"k","Bird Observatory","PUF_MBO_04","01/07/2024","15/07/2024","Metazoa_33208",1066,1
"k","Bird Observatory","PUF_MBO_05","15/07/2024","29/07/2024","Metazoa_33208",8924,1
"k","Bird Observatory","PUF_MBO_06","29/07/2024","12/08/2024","Metazoa_33208",646,1
"k","Bird Observatory","PUF_MBO_07","12/08/2024","26/08/2024","Metazoa_33208",1297,1
"k","Bird Observatory","PUF_MBO_08","26/08/2024","09/09/2024","Metazoa_33208",1335,1
"k","Bird Observatory","PUF_MBO_09","09/09/2024","23/09/2024","Metazoa_33208",2314,1
"k","Bird Observatory","PUF_MBO_10","23/09/2024","07/10/2024","Metazoa_33208",859,1
"k","Botanical Garden","PUF_BOT_01","17/05/2024","31/05/2024","Metazoa_33208",675,1
"k","Botanical Garden","PUF_BOT_02","31/05/2024","14/06/2024","Metazoa_33208",2124,1
"k","Botanical Garden","PUF_BOT_03","24/06/2024","28/06/2024","Metazoa_33208",88,1
"k","Botanical Garden","PUF_BOT_04","28/06/2024","12/07/2024","Metazoa_33208",717,1
"k","Botanical Garden","PUF_BOT_05","12/07/2024","26/07/2024","Metazoa_33208",1275,1
"k","Botanical Garden","PUF_BOT_06","26/07/2024","09/08/2024","Metazoa_33208",19288,1
"k","Botanical Garden","PUF_BOT_07","09/08/2024","23/08/2024","Metazoa_33208",2025,1
"k","Botanical Garden","PUF_BOT_08","23/08/2024","06/09/2024","Metazoa_33208",859,1
"k","Botanical Garden","PUF_BOT_09","06/09/2024","20/09/2024","Metazoa_33208",1278,1
"k","Botanical Garden","PUF_BOT_10","20/09/2024","04/10/2024","Metazoa_33208",3781,1
"k","Boucherville","PUF_BOU_01","27/05/2024","10/06/2024","Metazoa_33208",234,1
"k","Boucherville","PUF_BOU_02","10/06/2024","24/06/2024","Metazoa_33208",948,1
"k","Boucherville","PUF_BOU_03","24/06/2024","08/07/2024","Metazoa_33208",556,1
"k","Boucherville","PUF_BOU_04","08/07/2024","22/07/2024","Metazoa_33208",421,1
"k","Boucherville","PUF_BOU_05","22/07/2024","05/08/2024","Metazoa_33208",2025,1
"k","Boucherville","PUF_BOU_06","05/08/2024","19/08/2024","Metazoa_33208",703,1
"k","Boucherville","PUF_BOU_07","19/08/2024","02/09/2024","Metazoa_33208",324,1
"k","Boucherville","PUF_BOU_08","02/09/2024","16/09/2024","Metazoa_33208",1836,1
"k","Boucherville","PUF_BOU_09","16/09/2024","30/09/2024","Metazoa_33208",1683,1
"k","IPEX","PUF_IPEX_01","15/05/2024","29/05/2024","Metazoa_33208",108,1
"k","IPEX","PUF_IPEX_02","29/05/2024","12/06/2024","Metazoa_33208",1310,1
"k","IPEX","PUF_IPEX_03","12/06/2024","26/06/2024","Metazoa_33208",10335,1
"k","IPEX","PUF_IPEX_04","26/06/2024","10/07/2024","Metazoa_33208",1319,1
"k","IPEX","PUF_IPEX_05","10/07/2024","24/07/2024","Metazoa_33208",5111,1
"k","IPEX","PUF_IPEX_06","24/07/2024","07/08/2024","Metazoa_33208",866,1
"k","IPEX","PUF_IPEX_07","07/08/2024","21/08/2024","Metazoa_33208",1297,1
"k","IPEX","PUF_IPEX_08","21/08/2024","04/09/2024","Metazoa_33208",1732,1
"k","IPEX","PUF_IPEX_09","04/09/2024","18/09/2024","Metazoa_33208",962,1
"k","IPEX","PUF_IPEX_10","18/09/2024","02/10/2024","Metazoa_33208",3334,1
"k","Jean-Drapeau","PUF_JD_01","22/05/2024","05/06/2024","Metazoa_33208",8540,1
"k","Jean-Drapeau","PUF_JD_02","05/06/2024","19/06/2024","Metazoa_33208",13992,1
"k","Jean-Drapeau","PUF_JD_03","19/06/2024","03/07/2024","Metazoa_33208",654,1
"k","Jean-Drapeau","PUF_JD_04","03/07/2024","17/07/2024","Metazoa_33208",1586,1
"k","Jean-Drapeau","PUF_JD_05","17/07/2024","31/07/2024","Metazoa_33208",3872,1
"k","Jean-Drapeau","PUF_JD_06","31/07/2024","14/08/2024","Metazoa_33208",3676,1
"k","Jean-Drapeau","PUF_JD_07","14/08/2024","28/08/2024","Metazoa_33208",3912,1
"k","Jean-Drapeau","PUF_JD_08","28/08/2024","11/09/2024","Metazoa_33208",8676,1
"k","Jean-Drapeau","PUF_JD_09","11/09/2024","25/09/2024","Metazoa_33208",1094,1
"k","Jean-Drapeau","PUF_JD_10","25/09/2024","09/10/2024","Metazoa_33208",8157,1
"k",NA,NA,NA,NA,"Metazoa_33208",29716,1
"p","Bird Observatory","PUF_MBO_01","20/05/2024","03/06/2024","Arthropoda_6656",1779,1
"p","Bird Observatory","PUF_MBO_02","03/06/2024","17/06/2024","Arthropoda_6656",15222,1
"p","Bird Observatory","PUF_MBO_03","17/06/2024","01/07/2024","Arthropoda_6656",444,1
"p","Bird Observatory","PUF_MBO_04","01/07/2024","15/07/2024","Arthropoda_6656",758,0.711069418386492
"p","Bird Observatory","PUF_MBO_04","01/07/2024","15/07/2024","Chordata_7711",308,0.288930581613508
"p","Bird Observatory","PUF_MBO_05","15/07/2024","29/07/2024","Arthropoda_6656",8924,1
"p","Bird Observatory","PUF_MBO_06","29/07/2024","12/08/2024","Arthropoda_6656",646,1
"p","Bird Observatory","PUF_MBO_07","12/08/2024","26/08/2024","Arthropoda_6656",1217,0.938319198149576
"p","Bird Observatory","PUF_MBO_07","12/08/2024","26/08/2024","Cnidaria_6073",80,0.0616808018504241
"p","Bird Observatory","PUF_MBO_08","26/08/2024","09/09/2024","Arthropoda_6656",1335,1
"p","Bird Observatory","PUF_MBO_09","09/09/2024","23/09/2024","Arthropoda_6656",2220,0.959377700950735
"p","Bird Observatory","PUF_MBO_09","09/09/2024","23/09/2024","Mollusca_6447",94,0.0406222990492653
"p","Bird Observatory","PUF_MBO_10","23/09/2024","07/10/2024","Arthropoda_6656",859,1
"p","Botanical Garden","PUF_BOT_01","17/05/2024","31/05/2024","Arthropoda_6656",610,0.903703703703704
"p","Botanical Garden","PUF_BOT_01","17/05/2024","31/05/2024","Cnidaria_6073",34,0.0503703703703704
"p","Botanical Garden","PUF_BOT_01","17/05/2024","31/05/2024","Chordata_7711",31,0.0459259259259259
"p","Botanical Garden","PUF_BOT_02","31/05/2024","14/06/2024","Arthropoda_6656",2124,1
"p","Botanical Garden","PUF_BOT_03","24/06/2024","28/06/2024","Chordata_7711",88,1
"p","Botanical Garden","PUF_BOT_04","28/06/2024","12/07/2024","Arthropoda_6656",717,1
"p","Botanical Garden","PUF_BOT_05","12/07/2024","26/07/2024","Arthropoda_6656",1177,0.923137254901961
"p","Botanical Garden","PUF_BOT_05","12/07/2024","26/07/2024","Chordata_7711",61,0.047843137254902
"p","Botanical Garden","PUF_BOT_05","12/07/2024","26/07/2024","Mollusca_6447",37,0.0290196078431373
"p","Botanical Garden","PUF_BOT_06","26/07/2024","09/08/2024","Arthropoda_6656",18583,0.963448776441311
"p","Botanical Garden","PUF_BOT_06","26/07/2024","09/08/2024","Chordata_7711",705,0.0365512235586893
"p","Botanical Garden","PUF_BOT_07","09/08/2024","23/08/2024","Arthropoda_6656",2025,1
"p","Botanical Garden","PUF_BOT_08","23/08/2024","06/09/2024","Arthropoda_6656",859,1
"p","Botanical Garden","PUF_BOT_09","06/09/2024","20/09/2024","Arthropoda_6656",1278,1
"p","Botanical Garden","PUF_BOT_10","20/09/2024","04/10/2024","Arthropoda_6656",3454,0.913514943136736
"p","Botanical Garden","PUF_BOT_10","20/09/2024","04/10/2024","Chordata_7711",327,0.0864850568632637
"p","Boucherville","PUF_BOU_01","27/05/2024","10/06/2024","Arthropoda_6656",234,1
"p","Boucherville","PUF_BOU_02","10/06/2024","24/06/2024","Arthropoda_6656",894,0.943037974683544
"p","Boucherville","PUF_BOU_02","10/06/2024","24/06/2024","Chordata_7711",34,0.0358649789029536
"p","Boucherville","PUF_BOU_02","10/06/2024","24/06/2024","Cnidaria_6073",20,0.0210970464135021
"p","Boucherville","PUF_BOU_03","24/06/2024","08/07/2024","Arthropoda_6656",458,0.823741007194245
"p","Boucherville","PUF_BOU_03","24/06/2024","08/07/2024","Chordata_7711",57,0.102517985611511
"p","Boucherville","PUF_BOU_03","24/06/2024","08/07/2024","Cnidaria_6073",41,0.0737410071942446
"p","Boucherville","PUF_BOU_04","08/07/2024","22/07/2024","Arthropoda_6656",421,1
"p","Boucherville","PUF_BOU_05","22/07/2024","05/08/2024","Arthropoda_6656",1965,0.97037037037037
"p","Boucherville","PUF_BOU_05","22/07/2024","05/08/2024","Cnidaria_6073",60,0.0296296296296296
"p","Boucherville","PUF_BOU_06","05/08/2024","19/08/2024","Arthropoda_6656",661,0.940256045519203
"p","Boucherville","PUF_BOU_06","05/08/2024","19/08/2024","Cnidaria_6073",21,0.0298719772403983
"p","Boucherville","PUF_BOU_06","05/08/2024","19/08/2024","Mollusca_6447",21,0.0298719772403983
"p","Boucherville","PUF_BOU_07","19/08/2024","02/09/2024","Arthropoda_6656",218,0.672839506172839
"p","Boucherville","PUF_BOU_07","19/08/2024","02/09/2024","Chordata_7711",60,0.185185185185185
"p","Boucherville","PUF_BOU_07","19/08/2024","02/09/2024","Mollusca_6447",24,0.0740740740740741
"p","Boucherville","PUF_BOU_07","19/08/2024","02/09/2024","Cnidaria_6073",22,0.0679012345679012
"p","Boucherville","PUF_BOU_08","02/09/2024","16/09/2024","Arthropoda_6656",1836,1
"p","Boucherville","PUF_BOU_09","16/09/2024","30/09/2024","Arthropoda_6656",1618,0.961378490790256
"p","Boucherville","PUF_BOU_09","16/09/2024","30/09/2024","Chordata_7711",65,0.0386215092097445
"p","IPEX","PUF_IPEX_01","15/05/2024","29/05/2024","Arthropoda_6656",80,0.740740740740741
"p","IPEX","PUF_IPEX_01","15/05/2024","29/05/2024","Chordata_7711",28,0.259259259259259
"p","IPEX","PUF_IPEX_02","29/05/2024","12/06/2024","Arthropoda_6656",1267,0.967175572519084
"p","IPEX","PUF_IPEX_02","29/05/2024","12/06/2024","Cnidaria_6073",43,0.032824427480916
"p","IPEX","PUF_IPEX_03","12/06/2024","26/06/2024","Arthropoda_6656",10335,1
"p","IPEX","PUF_IPEX_04","26/06/2024","10/07/2024","Arthropoda_6656",1223,0.927217589082638
"p","IPEX","PUF_IPEX_04","26/06/2024","10/07/2024","Cnidaria_6073",96,0.0727824109173616
"p","IPEX","PUF_IPEX_05","10/07/2024","24/07/2024","Arthropoda_6656",4890,0.956759929563686
"p","IPEX","PUF_IPEX_05","10/07/2024","24/07/2024","Cnidaria_6073",221,0.0432400704363138
"p","IPEX","PUF_IPEX_06","24/07/2024","07/08/2024","Arthropoda_6656",866,1
"p","IPEX","PUF_IPEX_07","07/08/2024","21/08/2024","Arthropoda_6656",1158,0.892829606784888
"p","IPEX","PUF_IPEX_07","07/08/2024","21/08/2024","Cnidaria_6073",139,0.107170393215112
"p","IPEX","PUF_IPEX_08","21/08/2024","04/09/2024","Arthropoda_6656",1590,0.918013856812933
"p","IPEX","PUF_IPEX_08","21/08/2024","04/09/2024","Cnidaria_6073",142,0.081986143187067
"p","IPEX","PUF_IPEX_09","04/09/2024","18/09/2024","Arthropoda_6656",962,1
"p","IPEX","PUF_IPEX_10","18/09/2024","02/10/2024","Arthropoda_6656",3334,1
"p","Jean-Drapeau","PUF_JD_01","22/05/2024","05/06/2024","Arthropoda_6656",8540,1
"p","Jean-Drapeau","PUF_JD_02","05/06/2024","19/06/2024","Arthropoda_6656",13992,1
"p","Jean-Drapeau","PUF_JD_03","19/06/2024","03/07/2024","Arthropoda_6656",560,0.856269113149847
"p","Jean-Drapeau","PUF_JD_03","19/06/2024","03/07/2024","Chordata_7711",94,0.143730886850153
"p","Jean-Drapeau","PUF_JD_04","03/07/2024","17/07/2024","Arthropoda_6656",1369,0.863177805800757
"p","Jean-Drapeau","PUF_JD_04","03/07/2024","17/07/2024","Chordata_7711",217,0.136822194199243
"p","Jean-Drapeau","PUF_JD_05","17/07/2024","31/07/2024","Arthropoda_6656",3777,0.975464876033058
"p","Jean-Drapeau","PUF_JD_05","17/07/2024","31/07/2024","Cnidaria_6073",50,0.0129132231404959
"p","Jean-Drapeau","PUF_JD_05","17/07/2024","31/07/2024","Chordata_7711",45,0.0116219008264463
"p","Jean-Drapeau","PUF_JD_06","31/07/2024","14/08/2024","Arthropoda_6656",3676,1
"p","Jean-Drapeau","PUF_JD_07","14/08/2024","28/08/2024","Arthropoda_6656",3730,0.953476482617587
"p","Jean-Drapeau","PUF_JD_07","14/08/2024","28/08/2024","Cnidaria_6073",182,0.0465235173824131
"p","Jean-Drapeau","PUF_JD_08","28/08/2024","11/09/2024","Arthropoda_6656",8676,1
"p","Jean-Drapeau","PUF_JD_09","11/09/2024","25/09/2024","Arthropoda_6656",1031,0.942413162705667
"p","Jean-Drapeau","PUF_JD_09","11/09/2024","25/09/2024","Cnidaria_6073",63,0.0575868372943327
"p","Jean-Drapeau","PUF_JD_10","25/09/2024","09/10/2024","Arthropoda_6656",8157,1
"p",NA,NA,NA,NA,"Arthropoda_6656",29716,1
"c","Bird Observatory","PUF_MBO_01","20/05/2024","03/06/2024","Arachnida_6854",1087,0.611017425519955
"c","Bird Observatory","PUF_MBO_01","20/05/2024","03/06/2024","Insecta_50557",605,0.340078695896571
"c","Bird Observatory","PUF_MBO_01","20/05/2024","03/06/2024",NA,87,0.0489038785834739
"c","Bird Observatory","PUF_MBO_02","03/06/2024","17/06/2024","Insecta_50557",8006,0.525949283931152
"c","Bird Observatory","PUF_MBO_02","03/06/2024","17/06/2024","Arachnida_6854",7216,0.474050716068848
"c","Bird Observatory","PUF_MBO_03","17/06/2024","01/07/2024","Insecta_50557",305,0.686936936936937
"c","Bird Observatory","PUF_MBO_03","17/06/2024","01/07/2024","Arachnida_6854",139,0.313063063063063
"c","Bird Observatory","PUF_MBO_04","01/07/2024","15/07/2024","Insecta_50557",514,0.482176360225141
"c","Bird Observatory","PUF_MBO_04","01/07/2024","15/07/2024","Mammalia_40674",308,0.288930581613508
"c","Bird Observatory","PUF_MBO_04","01/07/2024","15/07/2024","Arachnida_6854",244,0.228893058161351
"c","Bird Observatory","PUF_MBO_05","15/07/2024","29/07/2024","Insecta_50557",8924,1
"c","Bird Observatory","PUF_MBO_06","29/07/2024","12/08/2024","Insecta_50557",588,0.910216718266254
"c","Bird Observatory","PUF_MBO_06","29/07/2024","12/08/2024","Arachnida_6854",58,0.0897832817337461
"c","Bird Observatory","PUF_MBO_07","12/08/2024","26/08/2024","Insecta_50557",1123,0.865844255975328
"c","Bird Observatory","PUF_MBO_07","12/08/2024","26/08/2024","Arachnida_6854",94,0.0724749421742483
"c","Bird Observatory","PUF_MBO_07","12/08/2024","26/08/2024",NA,80,0.0616808018504241
"c","Bird Observatory","PUF_MBO_08","26/08/2024","09/09/2024","Insecta_50557",1252,0.937827715355805
"c","Bird Observatory","PUF_MBO_08","26/08/2024","09/09/2024","Arachnida_6854",83,0.0621722846441948
"c","Bird Observatory","PUF_MBO_09","09/09/2024","23/09/2024","Insecta_50557",1901,0.82152117545376
"c","Bird Observatory","PUF_MBO_09","09/09/2024","23/09/2024","Arachnida_6854",319,0.137856525496975
"c","Bird Observatory","PUF_MBO_09","09/09/2024","23/09/2024","Gastropoda_6448",94,0.0406222990492653
"c","Bird Observatory","PUF_MBO_10","23/09/2024","07/10/2024","Insecta_50557",800,0.931315483119907
"c","Bird Observatory","PUF_MBO_10","23/09/2024","07/10/2024","Arachnida_6854",59,0.0686845168800931
"c","Botanical Garden","PUF_BOT_01","17/05/2024","31/05/2024","Arachnida_6854",337,0.499259259259259
"c","Botanical Garden","PUF_BOT_01","17/05/2024","31/05/2024","Insecta_50557",234,0.346666666666667
"c","Botanical Garden","PUF_BOT_01","17/05/2024","31/05/2024",NA,73,0.108148148148148
"c","Botanical Garden","PUF_BOT_01","17/05/2024","31/05/2024","Mammalia_40674",31,0.0459259259259259
"c","Botanical Garden","PUF_BOT_02","31/05/2024","14/06/2024","Arachnida_6854",1864,0.87758945386064
"c","Botanical Garden","PUF_BOT_02","31/05/2024","14/06/2024","Insecta_50557",230,0.108286252354049
"c","Botanical Garden","PUF_BOT_02","31/05/2024","14/06/2024",NA,30,0.0141242937853107
"c","Botanical Garden","PUF_BOT_03","24/06/2024","28/06/2024","Mammalia_40674",88,1
"c","Botanical Garden","PUF_BOT_04","28/06/2024","12/07/2024","Insecta_50557",695,0.96931659693166
"c","Botanical Garden","PUF_BOT_04","28/06/2024","12/07/2024","Arachnida_6854",22,0.0306834030683403
"c","Botanical Garden","PUF_BOT_05","12/07/2024","26/07/2024","Insecta_50557",1002,0.785882352941176
"c","Botanical Garden","PUF_BOT_05","12/07/2024","26/07/2024","Arachnida_6854",175,0.137254901960784
"c","Botanical Garden","PUF_BOT_05","12/07/2024","26/07/2024","Mammalia_40674",61,0.047843137254902
"c","Botanical Garden","PUF_BOT_05","12/07/2024","26/07/2024","Gastropoda_6448",37,0.0290196078431373
"c","Botanical Garden","PUF_BOT_06","26/07/2024","09/08/2024","Insecta_50557",18583,0.963448776441311
"c","Botanical Garden","PUF_BOT_06","26/07/2024","09/08/2024","Mammalia_40674",705,0.0365512235586893
"c","Botanical Garden","PUF_BOT_07","09/08/2024","23/08/2024","Insecta_50557",1959,0.967407407407407
"c","Botanical Garden","PUF_BOT_07","09/08/2024","23/08/2024","Arachnida_6854",66,0.0325925925925926
"c","Botanical Garden","PUF_BOT_08","23/08/2024","06/09/2024","Insecta_50557",612,0.712456344586729
"c","Botanical Garden","PUF_BOT_08","23/08/2024","06/09/2024","Arachnida_6854",247,0.287543655413271
"c","Botanical Garden","PUF_BOT_09","06/09/2024","20/09/2024","Insecta_50557",1241,0.971048513302034
"c","Botanical Garden","PUF_BOT_09","06/09/2024","20/09/2024","Arachnida_6854",37,0.0289514866979656
"c","Botanical Garden","PUF_BOT_10","20/09/2024","04/10/2024","Insecta_50557",2834,0.749537159481619
"c","Botanical Garden","PUF_BOT_10","20/09/2024","04/10/2024","Arachnida_6854",620,0.163977783655118
"c","Botanical Garden","PUF_BOT_10","20/09/2024","04/10/2024","Mammalia_40674",327,0.0864850568632637
"c","Boucherville","PUF_BOU_01","27/05/2024","10/06/2024","Arachnida_6854",209,0.893162393162393
"c","Boucherville","PUF_BOU_01","27/05/2024","10/06/2024","Insecta_50557",25,0.106837606837607
"c","Boucherville","PUF_BOU_02","10/06/2024","24/06/2024","Collembola_30001",401,0.422995780590717
"c","Boucherville","PUF_BOU_02","10/06/2024","24/06/2024","Insecta_50557",283,0.298523206751055
"c","Boucherville","PUF_BOU_02","10/06/2024","24/06/2024","Arachnida_6854",210,0.221518987341772
"c","Boucherville","PUF_BOU_02","10/06/2024","24/06/2024","Mammalia_40674",34,0.0358649789029536
"c","Boucherville","PUF_BOU_02","10/06/2024","24/06/2024",NA,20,0.0210970464135021
"c","Boucherville","PUF_BOU_03","24/06/2024","08/07/2024","Collembola_30001",275,0.494604316546763
"c","Boucherville","PUF_BOU_03","24/06/2024","08/07/2024","Insecta_50557",141,0.253597122302158
"c","Boucherville","PUF_BOU_03","24/06/2024","08/07/2024","Mammalia_40674",57,0.102517985611511
"c","Boucherville","PUF_BOU_03","24/06/2024","08/07/2024","Arachnida_6854",42,0.0755395683453237
"c","Boucherville","PUF_BOU_03","24/06/2024","08/07/2024",NA,41,0.0737410071942446
"c","Boucherville","PUF_BOU_04","08/07/2024","22/07/2024","Insecta_50557",393,0.933491686460808
"c","Boucherville","PUF_BOU_04","08/07/2024","22/07/2024","Arachnida_6854",28,0.0665083135391924
"c","Boucherville","PUF_BOU_05","22/07/2024","05/08/2024","Insecta_50557",1965,0.97037037037037
"c","Boucherville","PUF_BOU_05","22/07/2024","05/08/2024",NA,60,0.0296296296296296
"c","Boucherville","PUF_BOU_06","05/08/2024","19/08/2024","Insecta_50557",598,0.850640113798009
"c","Boucherville","PUF_BOU_06","05/08/2024","19/08/2024","Arachnida_6854",33,0.0469416785206259
"c","Boucherville","PUF_BOU_06","05/08/2024","19/08/2024","Branchiopoda_6658",30,0.042674253200569
"c","Boucherville","PUF_BOU_06","05/08/2024","19/08/2024","Gastropoda_6448",21,0.0298719772403983
"c","Boucherville","PUF_BOU_06","05/08/2024","19/08/2024",NA,21,0.0298719772403983
"c","Boucherville","PUF_BOU_07","19/08/2024","02/09/2024","Insecta_50557",100,0.308641975308642
"c","Boucherville","PUF_BOU_07","19/08/2024","02/09/2024","Arachnida_6854",65,0.200617283950617
"c","Boucherville","PUF_BOU_07","19/08/2024","02/09/2024","Mammalia_40674",60,0.185185185185185
"c","Boucherville","PUF_BOU_07","19/08/2024","02/09/2024","Collembola_30001",53,0.16358024691358
"c","Boucherville","PUF_BOU_07","19/08/2024","02/09/2024","Gastropoda_6448",24,0.0740740740740741
"c","Boucherville","PUF_BOU_07","19/08/2024","02/09/2024",NA,22,0.0679012345679012
"c","Boucherville","PUF_BOU_08","02/09/2024","16/09/2024","Insecta_50557",1701,0.926470588235294
"c","Boucherville","PUF_BOU_08","02/09/2024","16/09/2024","Arachnida_6854",135,0.0735294117647059
"c","Boucherville","PUF_BOU_09","16/09/2024","30/09/2024","Insecta_50557",1259,0.748068924539513
"c","Boucherville","PUF_BOU_09","16/09/2024","30/09/2024","Arachnida_6854",359,0.213309566250743
"c","Boucherville","PUF_BOU_09","16/09/2024","30/09/2024","Mammalia_40674",65,0.0386215092097445
"c","IPEX","PUF_IPEX_01","15/05/2024","29/05/2024","Insecta_50557",48,0.444444444444444
"c","IPEX","PUF_IPEX_01","15/05/2024","29/05/2024","Arachnida_6854",32,0.296296296296296
"c","IPEX","PUF_IPEX_01","15/05/2024","29/05/2024","Mammalia_40674",28,0.259259259259259
"c","IPEX","PUF_IPEX_02","29/05/2024","12/06/2024","Arachnida_6854",984,0.751145038167939
"c","IPEX","PUF_IPEX_02","29/05/2024","12/06/2024","Insecta_50557",283,0.216030534351145
"c","IPEX","PUF_IPEX_02","29/05/2024","12/06/2024",NA,43,0.032824427480916
"c","IPEX","PUF_IPEX_03","12/06/2024","26/06/2024","Arachnida_6854",10031,0.970585389453314
"c","IPEX","PUF_IPEX_03","12/06/2024","26/06/2024","Insecta_50557",174,0.0168359941944848
"c","IPEX","PUF_IPEX_03","12/06/2024","26/06/2024",NA,130,0.0125786163522013
"c","IPEX","PUF_IPEX_04","26/06/2024","10/07/2024","Insecta_50557",993,0.752843062926459
"c","IPEX","PUF_IPEX_04","26/06/2024","10/07/2024","Arachnida_6854",230,0.174374526156179
"c","IPEX","PUF_IPEX_04","26/06/2024","10/07/2024",NA,96,0.0727824109173616
"c","IPEX","PUF_IPEX_05","10/07/2024","24/07/2024","Insecta_50557",3773,0.738211700254353
"c","IPEX","PUF_IPEX_05","10/07/2024","24/07/2024","Arachnida_6854",996,0.194873801604383
"c","IPEX","PUF_IPEX_05","10/07/2024","24/07/2024",NA,221,0.0432400704363138
"c","IPEX","PUF_IPEX_05","10/07/2024","24/07/2024","Collembola_30001",121,0.0236744277049501
"c","IPEX","PUF_IPEX_06","24/07/2024","07/08/2024","Insecta_50557",812,0.937644341801386
"c","IPEX","PUF_IPEX_06","24/07/2024","07/08/2024","Arachnida_6854",54,0.0623556581986143
"c","IPEX","PUF_IPEX_07","07/08/2024","21/08/2024","Insecta_50557",1097,0.84579799537394
"c","IPEX","PUF_IPEX_07","07/08/2024","21/08/2024",NA,139,0.107170393215112
"c","IPEX","PUF_IPEX_07","07/08/2024","21/08/2024","Arachnida_6854",61,0.0470316114109483
"c","IPEX","PUF_IPEX_08","21/08/2024","04/09/2024","Insecta_50557",1466,0.846420323325635
"c","IPEX","PUF_IPEX_08","21/08/2024","04/09/2024",NA,142,0.081986143187067
"c","IPEX","PUF_IPEX_08","21/08/2024","04/09/2024","Arachnida_6854",124,0.0715935334872979
"c","IPEX","PUF_IPEX_09","04/09/2024","18/09/2024","Insecta_50557",962,1
"c","IPEX","PUF_IPEX_10","18/09/2024","02/10/2024","Insecta_50557",3334,1
"c","Jean-Drapeau","PUF_JD_01","22/05/2024","05/06/2024","Insecta_50557",6133,0.718149882903981
"c","Jean-Drapeau","PUF_JD_01","22/05/2024","05/06/2024","Arachnida_6854",2407,0.281850117096019
"c","Jean-Drapeau","PUF_JD_02","05/06/2024","19/06/2024","Insecta_50557",13761,0.983490566037736
"c","Jean-Drapeau","PUF_JD_02","05/06/2024","19/06/2024","Arachnida_6854",231,0.0165094339622642
"c","Jean-Drapeau","PUF_JD_03","19/06/2024","03/07/2024","Insecta_50557",560,0.856269113149847
"c","Jean-Drapeau","PUF_JD_03","19/06/2024","03/07/2024","Mammalia_40674",94,0.143730886850153
"c","Jean-Drapeau","PUF_JD_04","03/07/2024","17/07/2024","Insecta_50557",1145,0.721941992433796
"c","Jean-Drapeau","PUF_JD_04","03/07/2024","17/07/2024","Arachnida_6854",224,0.141235813366961
"c","Jean-Drapeau","PUF_JD_04","03/07/2024","17/07/2024","Mammalia_40674",217,0.136822194199243
"c","Jean-Drapeau","PUF_JD_05","17/07/2024","31/07/2024","Insecta_50557",1948,0.503099173553719
"c","Jean-Drapeau","PUF_JD_05","17/07/2024","31/07/2024","Arachnida_6854",1829,0.472365702479339
"c","Jean-Drapeau","PUF_JD_05","17/07/2024","31/07/2024",NA,50,0.0129132231404959
"c","Jean-Drapeau","PUF_JD_05","17/07/2024","31/07/2024","Mammalia_40674",45,0.0116219008264463
"c","Jean-Drapeau","PUF_JD_06","31/07/2024","14/08/2024","Insecta_50557",3557,0.967627856365615
"c","Jean-Drapeau","PUF_JD_06","31/07/2024","14/08/2024","Arachnida_6854",119,0.0323721436343852
"c","Jean-Drapeau","PUF_JD_07","14/08/2024","28/08/2024","Insecta_50557",3730,0.953476482617587
"c","Jean-Drapeau","PUF_JD_07","14/08/2024","28/08/2024",NA,182,0.0465235173824131
"c","Jean-Drapeau","PUF_JD_08","28/08/2024","11/09/2024","Arachnida_6854",8581,0.989050253573075
"c","Jean-Drapeau","PUF_JD_08","28/08/2024","11/09/2024","Insecta_50557",95,0.0109497464269248
"c","Jean-Drapeau","PUF_JD_09","11/09/2024","25/09/2024","Insecta_50557",1031,0.942413162705667
"c","Jean-Drapeau","PUF_JD_09","11/09/2024","25/09/2024",NA,63,0.0575868372943327
"c","Jean-Drapeau","PUF_JD_10","25/09/2024","09/10/2024","Insecta_50557",7942,0.973642270442565
"c","Jean-Drapeau","PUF_JD_10","25/09/2024","09/10/2024","Arachnida_6854",215,0.0263577295574353
"c",NA,NA,NA,NA,"Insecta_50557",29376,0.988558352402746
"c",NA,NA,NA,NA,"Collembola_30001",340,0.011441647597254
"o","Bird Observatory","PUF_MBO_01","20/05/2024","03/06/2024","Trombidiformes_83136",1000,0.562113546936481
"o","Bird Observatory","PUF_MBO_01","20/05/2024","03/06/2024","Diptera_7147",361,0.20292299044407
"o","Bird Observatory","PUF_MBO_01","20/05/2024","03/06/2024","Hemiptera_7524",177,0.0994940978077572
"o","Bird Observatory","PUF_MBO_01","20/05/2024","03/06/2024",NA,174,0.0978077571669477
"o","Bird Observatory","PUF_MBO_01","20/05/2024","03/06/2024","Coleoptera_7041",67,0.0376616076447442
"o","Bird Observatory","PUF_MBO_02","03/06/2024","17/06/2024","Lepidoptera_7088",8006,0.525949283931152
"o","Bird Observatory","PUF_MBO_02","03/06/2024","17/06/2024","Trombidiformes_83136",7029,0.461765865195112
"o","Bird Observatory","PUF_MBO_02","03/06/2024","17/06/2024",NA,187,0.0122848508737354
"o","Bird Observatory","PUF_MBO_03","17/06/2024","01/07/2024","Hemiptera_7524",305,0.686936936936937
"o","Bird Observatory","PUF_MBO_03","17/06/2024","01/07/2024","Araneae_6893",139,0.313063063063063
"o","Bird Observatory","PUF_MBO_04","01/07/2024","15/07/2024","Hemiptera_7524",514,0.482176360225141
"o","Bird Observatory","PUF_MBO_04","01/07/2024","15/07/2024","Artiodactyla_91561",308,0.288930581613508
"o","Bird Observatory","PUF_MBO_04","01/07/2024","15/07/2024",NA,244,0.228893058161351
"o","Bird Observatory","PUF_MBO_05","15/07/2024","29/07/2024","Lepidoptera_7088",8556,0.958762886597938
"o","Bird Observatory","PUF_MBO_05","15/07/2024","29/07/2024","Hemiptera_7524",368,0.0412371134020619
"o","Bird Observatory","PUF_MBO_06","29/07/2024","12/08/2024","Hemiptera_7524",588,0.910216718266254
"o","Bird Observatory","PUF_MBO_06","29/07/2024","12/08/2024",NA,58,0.0897832817337461
"o","Bird Observatory","PUF_MBO_07","12/08/2024","26/08/2024","Hemiptera_7524",1123,0.865844255975328
"o","Bird Observatory","PUF_MBO_07","12/08/2024","26/08/2024",NA,174,0.134155744024672
"o","Bird Observatory","PUF_MBO_08","26/08/2024","09/09/2024","Hemiptera_7524",1252,0.937827715355805
"o","Bird Observatory","PUF_MBO_08","26/08/2024","09/09/2024",NA,83,0.0621722846441948
"o","Bird Observatory","PUF_MBO_09","09/09/2024","23/09/2024","Hemiptera_7524",1901,0.82152117545376
"o","Bird Observatory","PUF_MBO_09","09/09/2024","23/09/2024",NA,413,0.17847882454624
"o","Bird Observatory","PUF_MBO_10","23/09/2024","07/10/2024","Hemiptera_7524",800,0.931315483119907
"o","Bird Observatory","PUF_MBO_10","23/09/2024","07/10/2024",NA,59,0.0686845168800931
"o","Botanical Garden","PUF_BOT_01","17/05/2024","31/05/2024",NA,335,0.496296296296296
"o","Botanical Garden","PUF_BOT_01","17/05/2024","31/05/2024","Lepidoptera_7088",92,0.136296296296296
"o","Botanical Garden","PUF_BOT_01","17/05/2024","31/05/2024","Trombidiformes_83136",75,0.111111111111111
"o","Botanical Garden","PUF_BOT_01","17/05/2024","31/05/2024","Hemiptera_7524",67,0.0992592592592593
"o","Botanical Garden","PUF_BOT_01","17/05/2024","31/05/2024","Hymenoptera_7399",45,0.0666666666666667
"o","Botanical Garden","PUF_BOT_01","17/05/2024","31/05/2024","Primates_9443",31,0.0459259259259259
"o","Botanical Garden","PUF_BOT_01","17/05/2024","31/05/2024","Diptera_7147",30,0.0444444444444444
"o","Botanical Garden","PUF_BOT_02","31/05/2024","14/06/2024",NA,1804,0.849340866290019
"o","Botanical Garden","PUF_BOT_02","31/05/2024","14/06/2024","Hemiptera_7524",121,0.0569679849340866
"o","Botanical Garden","PUF_BOT_02","31/05/2024","14/06/2024","Lepidoptera_7088",109,0.0513182674199623
"o","Botanical Garden","PUF_BOT_02","31/05/2024","14/06/2024","Trombidiformes_83136",90,0.0423728813559322
"o","Botanical Garden","PUF_BOT_03","24/06/2024","28/06/2024","Artiodactyla_91561",88,1
"o","Botanical Garden","PUF_BOT_04","28/06/2024","12/07/2024","Hemiptera_7524",524,0.730822873082287
"o","Botanical Garden","PUF_BOT_04","28/06/2024","12/07/2024","Diptera_7147",138,0.192468619246862
"o","Botanical Garden","PUF_BOT_04","28/06/2024","12/07/2024","Lepidoptera_7088",33,0.0460251046025105
"o","Botanical Garden","PUF_BOT_04","28/06/2024","12/07/2024",NA,22,0.0306834030683403
"o","Botanical Garden","PUF_BOT_05","12/07/2024","26/07/2024","Hemiptera_7524",569,0.446274509803922
"o","Botanical Garden","PUF_BOT_05","12/07/2024","26/07/2024","Diptera_7147",381,0.298823529411765
"o","Botanical Garden","PUF_BOT_05","12/07/2024","26/07/2024",NA,181,0.141960784313725
"o","Botanical Garden","PUF_BOT_05","12/07/2024","26/07/2024","Artiodactyla_91561",61,0.047843137254902
"o","Botanical Garden","PUF_BOT_05","12/07/2024","26/07/2024","Lepidoptera_7088",52,0.0407843137254902
"o","Botanical Garden","PUF_BOT_05","12/07/2024","26/07/2024","Trombidiformes_83136",31,0.0243137254901961
"o","Botanical Garden","PUF_BOT_06","26/07/2024","09/08/2024","Lepidoptera_7088",17783,0.921972210700954
"o","Botanical Garden","PUF_BOT_06","26/07/2024","09/08/2024","Hemiptera_7524",800,0.0414765657403567
"o","Botanical Garden","PUF_BOT_06","26/07/2024","09/08/2024","Primates_9443",705,0.0365512235586893
"o","Botanical Garden","PUF_BOT_07","09/08/2024","23/08/2024","Hemiptera_7524",1959,0.967407407407407
"o","Botanical Garden","PUF_BOT_07","09/08/2024","23/08/2024","Trombidiformes_83136",66,0.0325925925925926
"o","Botanical Garden","PUF_BOT_08","23/08/2024","06/09/2024","Hemiptera_7524",571,0.664726426076834
"o","Botanical Garden","PUF_BOT_08","23/08/2024","06/09/2024",NA,177,0.206053550640279
"o","Botanical Garden","PUF_BOT_08","23/08/2024","06/09/2024","Trombidiformes_83136",70,0.0814901047729918
"o","Botanical Garden","PUF_BOT_08","23/08/2024","06/09/2024","Hymenoptera_7399",41,0.0477299185098952
"o","Botanical Garden","PUF_BOT_09","06/09/2024","20/09/2024","Hemiptera_7524",1107,0.866197183098592
"o","Botanical Garden","PUF_BOT_09","06/09/2024","20/09/2024","Lepidoptera_7088",134,0.104851330203443
"o","Botanical Garden","PUF_BOT_09","06/09/2024","20/09/2024",NA,37,0.0289514866979656
"o","Botanical Garden","PUF_BOT_10","20/09/2024","04/10/2024","Hemiptera_7524",2761,0.73023009785771
"o","Botanical Garden","PUF_BOT_10","20/09/2024","04/10/2024",NA,620,0.163977783655118
"o","Botanical Garden","PUF_BOT_10","20/09/2024","04/10/2024","Artiodactyla_91561",327,0.0864850568632637
"o","Botanical Garden","PUF_BOT_10","20/09/2024","04/10/2024","Lepidoptera_7088",73,0.019307061623909
"o","Boucherville","PUF_BOU_01","27/05/2024","10/06/2024",NA,209,0.893162393162393
"o","Boucherville","PUF_BOU_01","27/05/2024","10/06/2024","Hemiptera_7524",19,0.0811965811965812
"o","Boucherville","PUF_BOU_01","27/05/2024","10/06/2024","Diptera_7147",6,0.0256410256410256
"o","Boucherville","PUF_BOU_02","10/06/2024","24/06/2024","Symphypleona_79705",401,0.422995780590717
"o","Boucherville","PUF_BOU_02","10/06/2024","24/06/2024","Diptera_7147",238,0.251054852320675
"o","Boucherville","PUF_BOU_02","10/06/2024","24/06/2024",NA,154,0.162447257383966
"o","Boucherville","PUF_BOU_02","10/06/2024","24/06/2024","Sarcoptiformes_83137",76,0.080168776371308
"o","Boucherville","PUF_BOU_02","10/06/2024","24/06/2024","Primates_9443",34,0.0358649789029536
"o","Boucherville","PUF_BOU_02","10/06/2024","24/06/2024","Coleoptera_7041",24,0.0253164556962025
"o","Boucherville","PUF_BOU_02","10/06/2024","24/06/2024","Lepidoptera_7088",21,0.0221518987341772
"o","Boucherville","PUF_BOU_03","24/06/2024","08/07/2024","Symphypleona_79705",275,0.494604316546763
"o","Boucherville","PUF_BOU_03","24/06/2024","08/07/2024","Hemiptera_7524",141,0.253597122302158
"o","Boucherville","PUF_BOU_03","24/06/2024","08/07/2024",NA,62,0.111510791366906
"o","Boucherville","PUF_BOU_03","24/06/2024","08/07/2024","Artiodactyla_91561",57,0.102517985611511
"o","Boucherville","PUF_BOU_03","24/06/2024","08/07/2024","Trombidiformes_83136",21,0.0377697841726619
"o","Boucherville","PUF_BOU_04","08/07/2024","22/07/2024","Hemiptera_7524",317,0.752969121140142
"o","Boucherville","PUF_BOU_04","08/07/2024","22/07/2024","Orthoptera_6993",32,0.0760095011876485
"o","Boucherville","PUF_BOU_04","08/07/2024","22/07/2024",NA,28,0.0665083135391924
"o","Boucherville","PUF_BOU_04","08/07/2024","22/07/2024","Hymenoptera_7399",24,0.0570071258907363
"o","Boucherville","PUF_BOU_04","08/07/2024","22/07/2024","Lepidoptera_7088",20,0.0475059382422803
"o","Boucherville","PUF_BOU_05","22/07/2024","05/08/2024","Hemiptera_7524",1965,0.97037037037037
"o","Boucherville","PUF_BOU_05","22/07/2024","05/08/2024",NA,60,0.0296296296296296
"o","Boucherville","PUF_BOU_06","05/08/2024","19/08/2024","Hemiptera_7524",563,0.800853485064011
"o","Boucherville","PUF_BOU_06","05/08/2024","19/08/2024",NA,75,0.106685633001422
"o","Boucherville","PUF_BOU_06","05/08/2024","19/08/2024","Lepidoptera_7088",35,0.0497866287339972
"o","Boucherville","PUF_BOU_06","05/08/2024","19/08/2024","Anostraca_6659",30,0.042674253200569
"o","Boucherville","PUF_BOU_07","19/08/2024","02/09/2024",NA,111,0.342592592592593
"o","Boucherville","PUF_BOU_07","19/08/2024","02/09/2024","Hemiptera_7524",100,0.308641975308642
"o","Boucherville","PUF_BOU_07","19/08/2024","02/09/2024","Artiodactyla_91561",60,0.185185185185185
"o","Boucherville","PUF_BOU_07","19/08/2024","02/09/2024","Symphypleona_79705",53,0.16358024691358
"o","Boucherville","PUF_BOU_08","02/09/2024","16/09/2024","Hemiptera_7524",1701,0.926470588235294
"o","Boucherville","PUF_BOU_08","02/09/2024","16/09/2024",NA,135,0.0735294117647059
"o","Boucherville","PUF_BOU_09","16/09/2024","30/09/2024","Hemiptera_7524",1259,0.748068924539513
"o","Boucherville","PUF_BOU_09","16/09/2024","30/09/2024",NA,260,0.154486036838978
"o","Boucherville","PUF_BOU_09","16/09/2024","30/09/2024","Trombidiformes_83136",99,0.0588235294117647
"o","Boucherville","PUF_BOU_09","16/09/2024","30/09/2024","Primates_9443",65,0.0386215092097445
"o","IPEX","PUF_IPEX_01","15/05/2024","29/05/2024","Hemiptera_7524",48,0.444444444444444
"o","IPEX","PUF_IPEX_01","15/05/2024","29/05/2024",NA,29,0.268518518518519
"o","IPEX","PUF_IPEX_01","15/05/2024","29/05/2024","Artiodactyla_91561",21,0.194444444444444
"o","IPEX","PUF_IPEX_01","15/05/2024","29/05/2024","Primates_9443",7,0.0648148148148148
"o","IPEX","PUF_IPEX_01","15/05/2024","29/05/2024","Trombidiformes_83136",3,0.0277777777777778
"o","IPEX","PUF_IPEX_02","29/05/2024","12/06/2024",NA,902,0.688549618320611
"o","IPEX","PUF_IPEX_02","29/05/2024","12/06/2024","Hemiptera_7524",142,0.108396946564885
"o","IPEX","PUF_IPEX_02","29/05/2024","12/06/2024","Trombidiformes_83136",125,0.0954198473282443
"o","IPEX","PUF_IPEX_02","29/05/2024","12/06/2024","Diptera_7147",102,0.0778625954198473
"o","IPEX","PUF_IPEX_02","29/05/2024","12/06/2024","Hymenoptera_7399",39,0.0297709923664122
"o","IPEX","PUF_IPEX_03","12/06/2024","26/06/2024","Araneae_6893",9846,0.952685050798258
"o","IPEX","PUF_IPEX_03","12/06/2024","26/06/2024",NA,315,0.0304789550072569
"o","IPEX","PUF_IPEX_03","12/06/2024","26/06/2024","Hemiptera_7524",174,0.0168359941944848
"o","IPEX","PUF_IPEX_04","26/06/2024","10/07/2024","Hemiptera_7524",993,0.752843062926459
"o","IPEX","PUF_IPEX_04","26/06/2024","10/07/2024","Trombidiformes_83136",230,0.174374526156179
"o","IPEX","PUF_IPEX_04","26/06/2024","10/07/2024",NA,96,0.0727824109173616
"o","IPEX","PUF_IPEX_05","10/07/2024","24/07/2024","Hemiptera_7524",3773,0.738211700254353
"o","IPEX","PUF_IPEX_05","10/07/2024","24/07/2024","Trombidiformes_83136",996,0.194873801604383
"o","IPEX","PUF_IPEX_05","10/07/2024","24/07/2024",NA,221,0.0432400704363138
"o","IPEX","PUF_IPEX_05","10/07/2024","24/07/2024","Symphypleona_79705",121,0.0236744277049501
"o","IPEX","PUF_IPEX_06","24/07/2024","07/08/2024","Hemiptera_7524",812,0.937644341801386
"o","IPEX","PUF_IPEX_06","24/07/2024","07/08/2024",NA,54,0.0623556581986143
"o","IPEX","PUF_IPEX_07","07/08/2024","21/08/2024","Hemiptera_7524",1045,0.805705474171164
"o","IPEX","PUF_IPEX_07","07/08/2024","21/08/2024",NA,200,0.15420200462606
"o","IPEX","PUF_IPEX_07","07/08/2024","21/08/2024","Hymenoptera_7399",52,0.0400925212027756
"o","IPEX","PUF_IPEX_08","21/08/2024","04/09/2024","Hemiptera_7524",1466,0.846420323325635
"o","IPEX","PUF_IPEX_08","21/08/2024","04/09/2024",NA,266,0.153579676674365
"o","IPEX","PUF_IPEX_09","04/09/2024","18/09/2024","Hemiptera_7524",962,1
"o","IPEX","PUF_IPEX_10","18/09/2024","02/10/2024","Hemiptera_7524",2651,0.795140971805639
"o","IPEX","PUF_IPEX_10","18/09/2024","02/10/2024","Psocoptera_30259",574,0.172165566886623
"o","IPEX","PUF_IPEX_10","18/09/2024","02/10/2024","Lepidoptera_7088",109,0.0326934613077385
"o","Jean-Drapeau","PUF_JD_01","22/05/2024","05/06/2024","Lepidoptera_7088",6071,0.710889929742389
"o","Jean-Drapeau","PUF_JD_01","22/05/2024","05/06/2024","Trombidiformes_83136",1435,0.168032786885246
"o","Jean-Drapeau","PUF_JD_01","22/05/2024","05/06/2024",NA,782,0.0915690866510539
"o","Jean-Drapeau","PUF_JD_01","22/05/2024","05/06/2024","Mesostigmata_34634",114,0.0133489461358314
"o","Jean-Drapeau","PUF_JD_01","22/05/2024","05/06/2024","Araneae_6893",76,0.00889929742388759
"o","Jean-Drapeau","PUF_JD_01","22/05/2024","05/06/2024","Diptera_7147",62,0.00725995316159251
"o","Jean-Drapeau","PUF_JD_02","05/06/2024","19/06/2024","Lepidoptera_7088",13667,0.976772441395083
"o","Jean-Drapeau","PUF_JD_02","05/06/2024","19/06/2024",NA,231,0.0165094339622642
"o","Jean-Drapeau","PUF_JD_02","05/06/2024","19/06/2024","Trichoptera_30263",94,0.00671812464265294
"o","Jean-Drapeau","PUF_JD_03","19/06/2024","03/07/2024","Hemiptera_7524",381,0.582568807339449
"o","Jean-Drapeau","PUF_JD_03","19/06/2024","03/07/2024","Primates_9443",94,0.143730886850153
"o","Jean-Drapeau","PUF_JD_03","19/06/2024","03/07/2024","Diptera_7147",93,0.142201834862385
"o","Jean-Drapeau","PUF_JD_03","19/06/2024","03/07/2024","Lepidoptera_7088",55,0.0840978593272171
"o","Jean-Drapeau","PUF_JD_03","19/06/2024","03/07/2024","Neuroptera_7516",31,0.0474006116207951
"o","Jean-Drapeau","PUF_JD_04","03/07/2024","17/07/2024","Hemiptera_7524",996,0.627994955863808
"o","Jean-Drapeau","PUF_JD_04","03/07/2024","17/07/2024","Artiodactyla_91561",217,0.136822194199243
"o","Jean-Drapeau","PUF_JD_04","03/07/2024","17/07/2024","Araneae_6893",153,0.096469104665826
"o","Jean-Drapeau","PUF_JD_04","03/07/2024","17/07/2024","Lepidoptera_7088",149,0.0939470365699874
"o","Jean-Drapeau","PUF_JD_04","03/07/2024","17/07/2024",NA,71,0.0447667087011349
"o","Jean-Drapeau","PUF_JD_05","17/07/2024","31/07/2024","Araneae_6893",1700,0.43904958677686
"o","Jean-Drapeau","PUF_JD_05","17/07/2024","31/07/2024","Hemiptera_7524",1408,0.363636363636364
"o","Jean-Drapeau","PUF_JD_05","17/07/2024","31/07/2024","Lepidoptera_7088",297,0.0767045454545455
"o","Jean-Drapeau","PUF_JD_05","17/07/2024","31/07/2024","Diptera_7147",243,0.0627582644628099
"o","Jean-Drapeau","PUF_JD_05","17/07/2024","31/07/2024","Trombidiformes_83136",129,0.0333161157024793
"o","Jean-Drapeau","PUF_JD_05","17/07/2024","31/07/2024",NA,50,0.0129132231404959
"o","Jean-Drapeau","PUF_JD_05","17/07/2024","31/07/2024","Artiodactyla_91561",45,0.0116219008264463
"o","Jean-Drapeau","PUF_JD_06","31/07/2024","14/08/2024","Hemiptera_7524",3494,0.950489662676823
"o","Jean-Drapeau","PUF_JD_06","31/07/2024","14/08/2024","Araneae_6893",119,0.0323721436343852
"o","Jean-Drapeau","PUF_JD_06","31/07/2024","14/08/2024","Diptera_7147",63,0.0171381936887922
"o","Jean-Drapeau","PUF_JD_07","14/08/2024","28/08/2024","Hemiptera_7524",2271,0.580521472392638
"o","Jean-Drapeau","PUF_JD_07","14/08/2024","28/08/2024","Coleoptera_7041",867,0.221625766871166
"o","Jean-Drapeau","PUF_JD_07","14/08/2024","28/08/2024","Trichoptera_30263",592,0.151329243353783
"o","Jean-Drapeau","PUF_JD_07","14/08/2024","28/08/2024",NA,182,0.0465235173824131
"o","Jean-Drapeau","PUF_JD_08","28/08/2024","11/09/2024","Araneae_6893",8581,0.989050253573075
"o","Jean-Drapeau","PUF_JD_08","28/08/2024","11/09/2024","Hemiptera_7524",95,0.0109497464269248
"o","Jean-Drapeau","PUF_JD_09","11/09/2024","25/09/2024","Hemiptera_7524",735,0.671846435100548
"o","Jean-Drapeau","PUF_JD_09","11/09/2024","25/09/2024","Lepidoptera_7088",227,0.207495429616088
"o","Jean-Drapeau","PUF_JD_09","11/09/2024","25/09/2024","Neuroptera_7516",69,0.0630712979890311
"o","Jean-Drapeau","PUF_JD_09","11/09/2024","25/09/2024",NA,63,0.0575868372943327
"o","Jean-Drapeau","PUF_JD_10","25/09/2024","09/10/2024","Hemiptera_7524",7699,0.943851906338115
"o","Jean-Drapeau","PUF_JD_10","25/09/2024","09/10/2024","Diptera_7147",243,0.0297903641044502
"o","Jean-Drapeau","PUF_JD_10","25/09/2024","09/10/2024","Araneae_6893",215,0.0263577295574353
"o",NA,NA,NA,NA,"Lepidoptera_7088",29376,0.988558352402746
"o",NA,NA,NA,NA,"Entomobryomorpha_730330",340,0.011441647597254
"f","Bird Observatory","PUF_MBO_01","20/05/2024","03/06/2024","Tydeidae_708320",621,0.349072512647555
"f","Bird Observatory","PUF_MBO_01","20/05/2024","03/06/2024","Eriophyidae_70320",379,0.213041034288926
"f","Bird Observatory","PUF_MBO_01","20/05/2024","03/06/2024","Chironomidae_7149",223,0.125351320966835
"f","Bird Observatory","PUF_MBO_01","20/05/2024","03/06/2024",NA,223,0.125351320966835
"f","Bird Observatory","PUF_MBO_01","20/05/2024","03/06/2024","Pentatomidae_160513",128,0.0719505340078696
"f","Bird Observatory","PUF_MBO_01","20/05/2024","03/06/2024","Phoridae_36164",72,0.0404721753794266
"f","Bird Observatory","PUF_MBO_01","20/05/2024","03/06/2024","Chrysomelidae_27439",67,0.0376616076447442
"f","Bird Observatory","PUF_MBO_01","20/05/2024","03/06/2024","Cecidomyiidae_33406",66,0.0370994940978078
"f","Bird Observatory","PUF_MBO_02","03/06/2024","17/06/2024","Noctuidae_7100",8006,0.525949283931152
"f","Bird Observatory","PUF_MBO_02","03/06/2024","17/06/2024","Trombidiidae_83144",7029,0.461765865195112
"f","Bird Observatory","PUF_MBO_02","03/06/2024","17/06/2024",NA,187,0.0122848508737354
"f","Bird Observatory","PUF_MBO_03","17/06/2024","01/07/2024","Pentatomidae_160513",305,0.686936936936937
"f","Bird Observatory","PUF_MBO_03","17/06/2024","01/07/2024","Philodromidae_243501",139,0.313063063063063
"f","Bird Observatory","PUF_MBO_04","01/07/2024","15/07/2024","Pentatomidae_160513",514,0.482176360225141
"f","Bird Observatory","PUF_MBO_04","01/07/2024","15/07/2024","Bovidae_9895",308,0.288930581613508
"f","Bird Observatory","PUF_MBO_04","01/07/2024","15/07/2024",NA,244,0.228893058161351
"f","Bird Observatory","PUF_MBO_05","15/07/2024","29/07/2024","Tortricidae_7139",8556,0.958762886597938
"f","Bird Observatory","PUF_MBO_05","15/07/2024","29/07/2024","Pentatomidae_160513",368,0.0412371134020619
"f","Bird Observatory","PUF_MBO_06","29/07/2024","12/08/2024","Pentatomidae_160513",588,0.910216718266254
"f","Bird Observatory","PUF_MBO_06","29/07/2024","12/08/2024",NA,58,0.0897832817337461
"f","Bird Observatory","PUF_MBO_07","12/08/2024","26/08/2024","Pentatomidae_160513",1123,0.865844255975328
"f","Bird Observatory","PUF_MBO_07","12/08/2024","26/08/2024",NA,174,0.134155744024672
"f","Bird Observatory","PUF_MBO_08","26/08/2024","09/09/2024","Pentatomidae_160513",1252,0.937827715355805
"f","Bird Observatory","PUF_MBO_08","26/08/2024","09/09/2024",NA,83,0.0621722846441948
"f","Bird Observatory","PUF_MBO_09","09/09/2024","23/09/2024","Pentatomidae_160513",1901,0.82152117545376
"f","Bird Observatory","PUF_MBO_09","09/09/2024","23/09/2024",NA,413,0.17847882454624
"f","Bird Observatory","PUF_MBO_10","23/09/2024","07/10/2024","Pentatomidae_160513",800,0.931315483119907
"f","Bird Observatory","PUF_MBO_10","23/09/2024","07/10/2024",NA,59,0.0686845168800931
"f","Botanical Garden","PUF_BOT_01","17/05/2024","31/05/2024",NA,411,0.608888888888889
"f","Botanical Garden","PUF_BOT_01","17/05/2024","31/05/2024","Pyralidae_7135",92,0.136296296296296
"f","Botanical Garden","PUF_BOT_01","17/05/2024","31/05/2024","Phytoptidae_1221082",75,0.111111111111111
"f","Botanical Garden","PUF_BOT_01","17/05/2024","31/05/2024","Aphididae_27482",36,0.0533333333333333
"f","Botanical Garden","PUF_BOT_01","17/05/2024","31/05/2024","Hominidae_9604",31,0.0459259259259259
"f","Botanical Garden","PUF_BOT_01","17/05/2024","31/05/2024","Chironomidae_7149",30,0.0444444444444444
"f","Botanical Garden","PUF_BOT_02","31/05/2024","14/06/2024",NA,1804,0.849340866290019
"f","Botanical Garden","PUF_BOT_02","31/05/2024","14/06/2024","Pentatomidae_160513",121,0.0569679849340866
"f","Botanical Garden","PUF_BOT_02","31/05/2024","14/06/2024","Noctuidae_7100",109,0.0513182674199623
"f","Botanical Garden","PUF_BOT_02","31/05/2024","14/06/2024","Tydeidae_708320",53,0.0249529190207156
"f","Botanical Garden","PUF_BOT_02","31/05/2024","14/06/2024","Eriophyidae_70320",37,0.0174199623352166
"f","Botanical Garden","PUF_BOT_03","24/06/2024","28/06/2024","Bovidae_9895",88,1
"f","Botanical Garden","PUF_BOT_04","28/06/2024","12/07/2024","Pentatomidae_160513",524,0.730822873082287
"f","Botanical Garden","PUF_BOT_04","28/06/2024","12/07/2024","Asteiidae_286485",138,0.192468619246862
"f","Botanical Garden","PUF_BOT_04","28/06/2024","12/07/2024","Pyralidae_7135",33,0.0460251046025105
"f","Botanical Garden","PUF_BOT_04","28/06/2024","12/07/2024",NA,22,0.0306834030683403
"f","Botanical Garden","PUF_BOT_05","12/07/2024","26/07/2024","Pentatomidae_160513",569,0.446274509803922
"f","Botanical Garden","PUF_BOT_05","12/07/2024","26/07/2024","Cecidomyiidae_33406",381,0.298823529411765
"f","Botanical Garden","PUF_BOT_05","12/07/2024","26/07/2024",NA,181,0.141960784313725
"f","Botanical Garden","PUF_BOT_05","12/07/2024","26/07/2024","Bovidae_9895",61,0.047843137254902
"f","Botanical Garden","PUF_BOT_05","12/07/2024","26/07/2024","Pyralidae_7135",52,0.0407843137254902
"f","Botanical Garden","PUF_BOT_05","12/07/2024","26/07/2024","Eriophyidae_70320",31,0.0243137254901961
"f","Botanical Garden","PUF_BOT_06","26/07/2024","09/08/2024","Pyralidae_7135",17783,0.921972210700954
"f","Botanical Garden","PUF_BOT_06","26/07/2024","09/08/2024","Pentatomidae_160513",800,0.0414765657403567
"f","Botanical Garden","PUF_BOT_06","26/07/2024","09/08/2024","Hominidae_9604",705,0.0365512235586893
"f","Botanical Garden","PUF_BOT_07","09/08/2024","23/08/2024","Pentatomidae_160513",1959,0.967407407407407
"f","Botanical Garden","PUF_BOT_07","09/08/2024","23/08/2024","Tarsonemidae_133229",66,0.0325925925925926
"f","Botanical Garden","PUF_BOT_08","23/08/2024","06/09/2024","Pentatomidae_160513",571,0.664726426076834
"f","Botanical Garden","PUF_BOT_08","23/08/2024","06/09/2024",NA,177,0.206053550640279
"f","Botanical Garden","PUF_BOT_08","23/08/2024","06/09/2024","Formicidae_36668",41,0.0477299185098952
"f","Botanical Garden","PUF_BOT_08","23/08/2024","06/09/2024","Eriophyidae_70320",38,0.0442374854481956
"f","Botanical Garden","PUF_BOT_08","23/08/2024","06/09/2024","Tydeidae_708320",32,0.0372526193247963
"f","Botanical Garden","PUF_BOT_09","06/09/2024","20/09/2024","Pentatomidae_160513",1107,0.866197183098592
"f","Botanical Garden","PUF_BOT_09","06/09/2024","20/09/2024","Pyralidae_7135",134,0.104851330203443
"f","Botanical Garden","PUF_BOT_09","06/09/2024","20/09/2024",NA,37,0.0289514866979656
"f","Botanical Garden","PUF_BOT_10","20/09/2024","04/10/2024","Pentatomidae_160513",2761,0.73023009785771
"f","Botanical Garden","PUF_BOT_10","20/09/2024","04/10/2024",NA,620,0.163977783655118
"f","Botanical Garden","PUF_BOT_10","20/09/2024","04/10/2024","Bovidae_9895",327,0.0864850568632637
"f","Botanical Garden","PUF_BOT_10","20/09/2024","04/10/2024","Pyralidae_7135",73,0.019307061623909
"f","Boucherville","PUF_BOU_01","27/05/2024","10/06/2024",NA,228,0.974358974358974
"f","Boucherville","PUF_BOU_01","27/05/2024","10/06/2024","Chironomidae_7149",6,0.0256410256410256
"f","Boucherville","PUF_BOU_02","10/06/2024","24/06/2024","Bourletiellidae_187607",344,0.362869198312236
"f","Boucherville","PUF_BOU_02","10/06/2024","24/06/2024","Tipulidae_41042",238,0.251054852320675
"f","Boucherville","PUF_BOU_02","10/06/2024","24/06/2024",NA,211,0.222573839662447
"f","Boucherville","PUF_BOU_02","10/06/2024","24/06/2024","Acaridae_41442",76,0.080168776371308
"f","Boucherville","PUF_BOU_02","10/06/2024","24/06/2024","Hominidae_9604",34,0.0358649789029536
"f","Boucherville","PUF_BOU_02","10/06/2024","24/06/2024","Cantharidae_41097",24,0.0253164556962025
"f","Boucherville","PUF_BOU_02","10/06/2024","24/06/2024","Pyralidae_7135",21,0.0221518987341772
"f","Boucherville","PUF_BOU_03","24/06/2024","08/07/2024",NA,281,0.505395683453237
"f","Boucherville","PUF_BOU_03","24/06/2024","08/07/2024","Pentatomidae_160513",115,0.206834532374101
"f","Boucherville","PUF_BOU_03","24/06/2024","08/07/2024","Bourletiellidae_187607",82,0.147482014388489
"f","Boucherville","PUF_BOU_03","24/06/2024","08/07/2024","Bovidae_9895",57,0.102517985611511
"f","Boucherville","PUF_BOU_03","24/06/2024","08/07/2024","Tydeidae_708320",21,0.0377697841726619
"f","Boucherville","PUF_BOU_04","08/07/2024","22/07/2024","Pentatomidae_160513",276,0.655581947743468
"f","Boucherville","PUF_BOU_04","08/07/2024","22/07/2024",NA,93,0.220902612826603
"f","Boucherville","PUF_BOU_04","08/07/2024","22/07/2024","Acrididae_7002",32,0.0760095011876485
"f","Boucherville","PUF_BOU_04","08/07/2024","22/07/2024","Pyralidae_7135",20,0.0475059382422803
"f","Boucherville","PUF_BOU_05","22/07/2024","05/08/2024","Pentatomidae_160513",1825,0.901234567901235
"f","Boucherville","PUF_BOU_05","22/07/2024","05/08/2024","Aphididae_27482",140,0.0691358024691358
"f","Boucherville","PUF_BOU_05","22/07/2024","05/08/2024",NA,60,0.0296296296296296
"f","Boucherville","PUF_BOU_06","05/08/2024","19/08/2024","Pentatomidae_160513",563,0.800853485064011
"f","Boucherville","PUF_BOU_06","05/08/2024","19/08/2024",NA,75,0.106685633001422
"f","Boucherville","PUF_BOU_06","05/08/2024","19/08/2024","Pyralidae_7135",35,0.0497866287339972
"f","Boucherville","PUF_BOU_06","05/08/2024","19/08/2024","Artemiidae_38009",30,0.042674253200569
"f","Boucherville","PUF_BOU_07","19/08/2024","02/09/2024",NA,119,0.367283950617284
"f","Boucherville","PUF_BOU_07","19/08/2024","02/09/2024","Pentatomidae_160513",92,0.283950617283951
"f","Boucherville","PUF_BOU_07","19/08/2024","02/09/2024","Bovidae_9895",60,0.185185185185185
"f","Boucherville","PUF_BOU_07","19/08/2024","02/09/2024","Bourletiellidae_187607",53,0.16358024691358
"f","Boucherville","PUF_BOU_08","02/09/2024","16/09/2024","Pentatomidae_160513",1701,0.926470588235294
"f","Boucherville","PUF_BOU_08","02/09/2024","16/09/2024",NA,135,0.0735294117647059
"f","Boucherville","PUF_BOU_09","16/09/2024","30/09/2024","Pentatomidae_160513",1259,0.748068924539513
"f","Boucherville","PUF_BOU_09","16/09/2024","30/09/2024",NA,260,0.154486036838978
"f","Boucherville","PUF_BOU_09","16/09/2024","30/09/2024","Eriophyidae_70320",99,0.0588235294117647
"f","Boucherville","PUF_BOU_09","16/09/2024","30/09/2024","Hominidae_9604",65,0.0386215092097445
"f","IPEX","PUF_IPEX_01","15/05/2024","29/05/2024","Pentatomidae_160513",48,0.444444444444444
"f","IPEX","PUF_IPEX_01","15/05/2024","29/05/2024",NA,29,0.268518518518519
"f","IPEX","PUF_IPEX_01","15/05/2024","29/05/2024","Bovidae_9895",21,0.194444444444444
"f","IPEX","PUF_IPEX_01","15/05/2024","29/05/2024","Hominidae_9604",7,0.0648148148148148
"f","IPEX","PUF_IPEX_01","15/05/2024","29/05/2024","Diptilomiopidae_1336387",3,0.0277777777777778
"f","IPEX","PUF_IPEX_02","29/05/2024","12/06/2024",NA,941,0.718320610687023
"f","IPEX","PUF_IPEX_02","29/05/2024","12/06/2024","Pentatomidae_160513",142,0.108396946564885
"f","IPEX","PUF_IPEX_02","29/05/2024","12/06/2024","Eriophyidae_70320",125,0.0954198473282443
"f","IPEX","PUF_IPEX_02","29/05/2024","12/06/2024","Cecidomyiidae_33406",66,0.050381679389313
"f","IPEX","PUF_IPEX_02","29/05/2024","12/06/2024","Chironomidae_7149",36,0.0274809160305344
"f","IPEX","PUF_IPEX_03","12/06/2024","26/06/2024","Araneidae_6913",9846,0.952685050798258
"f","IPEX","PUF_IPEX_03","12/06/2024","26/06/2024",NA,315,0.0304789550072569
"f","IPEX","PUF_IPEX_03","12/06/2024","26/06/2024","Pentatomidae_160513",174,0.0168359941944848
"f","IPEX","PUF_IPEX_04","26/06/2024","10/07/2024","Pentatomidae_160513",993,0.752843062926459
"f","IPEX","PUF_IPEX_04","26/06/2024","10/07/2024","Tydeidae_708320",116,0.087945413191812
"f","IPEX","PUF_IPEX_04","26/06/2024","10/07/2024","Eriophyidae_70320",114,0.0864291129643669
"f","IPEX","PUF_IPEX_04","26/06/2024","10/07/2024",NA,96,0.0727824109173616
"f","IPEX","PUF_IPEX_05","10/07/2024","24/07/2024","Pentatomidae_160513",3773,0.738211700254353
"f","IPEX","PUF_IPEX_05","10/07/2024","24/07/2024","Pygmephoridae_1253854",996,0.194873801604383
"f","IPEX","PUF_IPEX_05","10/07/2024","24/07/2024",NA,221,0.0432400704363138
"f","IPEX","PUF_IPEX_05","10/07/2024","24/07/2024","Bourletiellidae_187607",121,0.0236744277049501
"f","IPEX","PUF_IPEX_06","24/07/2024","07/08/2024","Pentatomidae_160513",812,0.937644341801386
"f","IPEX","PUF_IPEX_06","24/07/2024","07/08/2024",NA,54,0.0623556581986143
"f","IPEX","PUF_IPEX_07","07/08/2024","21/08/2024","Pentatomidae_160513",1045,0.805705474171164
"f","IPEX","PUF_IPEX_07","07/08/2024","21/08/2024",NA,252,0.194294525828836
"f","IPEX","PUF_IPEX_08","21/08/2024","04/09/2024","Pentatomidae_160513",1466,0.846420323325635
"f","IPEX","PUF_IPEX_08","21/08/2024","04/09/2024",NA,266,0.153579676674365
"f","IPEX","PUF_IPEX_09","04/09/2024","18/09/2024","Pentatomidae_160513",962,1
"f","IPEX","PUF_IPEX_10","18/09/2024","02/10/2024","Pentatomidae_160513",2651,0.795140971805639
"f","IPEX","PUF_IPEX_10","18/09/2024","02/10/2024","Liposcelididae_2545764",574,0.172165566886623
"f","IPEX","PUF_IPEX_10","18/09/2024","02/10/2024","Pyralidae_7135",109,0.0326934613077385
"f","Jean-Drapeau","PUF_JD_01","22/05/2024","05/06/2024","Erebidae_695564",6071,0.710889929742389
"f","Jean-Drapeau","PUF_JD_01","22/05/2024","05/06/2024","Anystidae_92248",1435,0.168032786885246
"f","Jean-Drapeau","PUF_JD_01","22/05/2024","05/06/2024",NA,782,0.0915690866510539
"f","Jean-Drapeau","PUF_JD_01","22/05/2024","05/06/2024","Blattisociidae_1251892",114,0.0133489461358314
"f","Jean-Drapeau","PUF_JD_01","22/05/2024","05/06/2024","Tetragnathidae_27394",76,0.00889929742388759
"f","Jean-Drapeau","PUF_JD_01","22/05/2024","05/06/2024","Chironomidae_7149",62,0.00725995316159251
"f","Jean-Drapeau","PUF_JD_02","05/06/2024","19/06/2024","Blastobasidae_173649",13484,0.963693539165237
"f","Jean-Drapeau","PUF_JD_02","05/06/2024","19/06/2024",NA,231,0.0165094339622642
"f","Jean-Drapeau","PUF_JD_02","05/06/2024","19/06/2024","Noctuidae_7100",183,0.0130789022298456
"f","Jean-Drapeau","PUF_JD_02","05/06/2024","19/06/2024","Hydroptilidae_57995",94,0.00671812464265294
"f","Jean-Drapeau","PUF_JD_03","19/06/2024","03/07/2024","Miridae_30083",163,0.249235474006116
"f","Jean-Drapeau","PUF_JD_03","19/06/2024","03/07/2024","Pentatomidae_160513",160,0.244648318042813
"f","Jean-Drapeau","PUF_JD_03","19/06/2024","03/07/2024","Hominidae_9604",94,0.143730886850153
"f","Jean-Drapeau","PUF_JD_03","19/06/2024","03/07/2024","Chloropidae_29032",93,0.142201834862385
"f","Jean-Drapeau","PUF_JD_03","19/06/2024","03/07/2024",NA,58,0.0886850152905199
"f","Jean-Drapeau","PUF_JD_03","19/06/2024","03/07/2024","Pyralidae_7135",55,0.0840978593272171
"f","Jean-Drapeau","PUF_JD_03","19/06/2024","03/07/2024","Chrysopidae_7520",31,0.0474006116207951
"f","Jean-Drapeau","PUF_JD_04","03/07/2024","17/07/2024","Pentatomidae_160513",996,0.627994955863808
"f","Jean-Drapeau","PUF_JD_04","03/07/2024","17/07/2024","Bovidae_9895",217,0.136822194199243
"f","Jean-Drapeau","PUF_JD_04","03/07/2024","17/07/2024","Tetragnathidae_27394",153,0.096469104665826
"f","Jean-Drapeau","PUF_JD_04","03/07/2024","17/07/2024","Pyralidae_7135",149,0.0939470365699874
"f","Jean-Drapeau","PUF_JD_04","03/07/2024","17/07/2024",NA,71,0.0447667087011349
"f","Jean-Drapeau","PUF_JD_05","17/07/2024","31/07/2024","Tetragnathidae_27394",1700,0.43904958677686
"f","Jean-Drapeau","PUF_JD_05","17/07/2024","31/07/2024","Pentatomidae_160513",664,0.171487603305785
"f","Jean-Drapeau","PUF_JD_05","17/07/2024","31/07/2024","Aphididae_27482",471,0.121642561983471
"f","Jean-Drapeau","PUF_JD_05","17/07/2024","31/07/2024",NA,323,0.0834194214876033
"f","Jean-Drapeau","PUF_JD_05","17/07/2024","31/07/2024","Pyralidae_7135",297,0.0767045454545455
"f","Jean-Drapeau","PUF_JD_05","17/07/2024","31/07/2024","Chironomidae_7149",243,0.0627582644628099
"f","Jean-Drapeau","PUF_JD_05","17/07/2024","31/07/2024","Eriophyidae_70320",129,0.0333161157024793
"f","Jean-Drapeau","PUF_JD_05","17/07/2024","31/07/2024","Bovidae_9895",45,0.0116219008264463
"f","Jean-Drapeau","PUF_JD_06","31/07/2024","14/08/2024","Pentatomidae_160513",3494,0.950489662676823
"f","Jean-Drapeau","PUF_JD_06","31/07/2024","14/08/2024","Tetragnathidae_27394",119,0.0323721436343852
"f","Jean-Drapeau","PUF_JD_06","31/07/2024","14/08/2024","Chironomidae_7149",63,0.0171381936887922
"f","Jean-Drapeau","PUF_JD_07","14/08/2024","28/08/2024","Pentatomidae_160513",2271,0.580521472392638
"f","Jean-Drapeau","PUF_JD_07","14/08/2024","28/08/2024","Coccinellidae_7080",867,0.221625766871166
"f","Jean-Drapeau","PUF_JD_07","14/08/2024","28/08/2024","Hydropsychidae_41030",592,0.151329243353783
"f","Jean-Drapeau","PUF_JD_07","14/08/2024","28/08/2024",NA,182,0.0465235173824131
"f","Jean-Drapeau","PUF_JD_08","28/08/2024","11/09/2024","Tetragnathidae_27394",8581,0.989050253573075
"f","Jean-Drapeau","PUF_JD_08","28/08/2024","11/09/2024","Pentatomidae_160513",95,0.0109497464269248
"f","Jean-Drapeau","PUF_JD_09","11/09/2024","25/09/2024","Pentatomidae_160513",670,0.612431444241316
"f","Jean-Drapeau","PUF_JD_09","11/09/2024","25/09/2024","Pyralidae_7135",227,0.207495429616088
"f","Jean-Drapeau","PUF_JD_09","11/09/2024","25/09/2024",NA,128,0.117001828153565
"f","Jean-Drapeau","PUF_JD_09","11/09/2024","25/09/2024","Myrmeleontidae_27427",69,0.0630712979890311
"f","Jean-Drapeau","PUF_JD_10","25/09/2024","09/10/2024","Aphididae_27482",6147,0.753585877160721
"f","Jean-Drapeau","PUF_JD_10","25/09/2024","09/10/2024","Pentatomidae_160513",1552,0.190266029177394
"f","Jean-Drapeau","PUF_JD_10","25/09/2024","09/10/2024","Chironomidae_7149",243,0.0297903641044502
"f","Jean-Drapeau","PUF_JD_10","25/09/2024","09/10/2024","Tetragnathidae_27394",215,0.0263577295574353
"f",NA,NA,NA,NA,"Nymphalidae_33415",29150,0.980953021941042
"f",NA,NA,NA,NA,"Entomobryidae_48704",340,0.011441647597254
"f",NA,NA,NA,NA,"Papilionidae_7143",226,0.00760533046170413
"g","Bird Observatory","PUF_MBO_01","20/05/2024","03/06/2024",NA,710,0.399100618324902
"g","Bird Observatory","PUF_MBO_01","20/05/2024","03/06/2024","Tydeus_1670773",216,0.12141652613828
"g","Bird Observatory","PUF_MBO_01","20/05/2024","03/06/2024","Abacarus_644136",199,0.11186059584036
"g","Bird Observatory","PUF_MBO_01","20/05/2024","03/06/2024","Limnophyes_190098",141,0.0792580101180438
"g","Bird Observatory","PUF_MBO_01","20/05/2024","03/06/2024","Glypsus_-21471",128,0.0719505340078696
"g","Bird Observatory","PUF_MBO_01","20/05/2024","03/06/2024","Aculodes_644138",120,0.0674536256323777
"g","Bird Observatory","PUF_MBO_01","20/05/2024","03/06/2024","Megaselia_36165",72,0.0404721753794266
"g","Bird Observatory","PUF_MBO_01","20/05/2024","03/06/2024","Labidomera_131651",67,0.0376616076447442
"g","Bird Observatory","PUF_MBO_01","20/05/2024","03/06/2024","Aprionus_1819779",66,0.0370994940978078
"g","Bird Observatory","PUF_MBO_01","20/05/2024","03/06/2024","Aculus_644140",60,0.0337268128161889
"g","Bird Observatory","PUF_MBO_02","03/06/2024","17/06/2024","Xestia_320016",8006,0.525949283931152
"g","Bird Observatory","PUF_MBO_02","03/06/2024","17/06/2024","Allothrombium_92077",7029,0.461765865195112
"g","Bird Observatory","PUF_MBO_02","03/06/2024","17/06/2024",NA,187,0.0122848508737354
"g","Bird Observatory","PUF_MBO_03","17/06/2024","01/07/2024","Glypsus_-21471",305,0.686936936936937
"g","Bird Observatory","PUF_MBO_03","17/06/2024","01/07/2024","Philodromus_336567",139,0.313063063063063
"g","Bird Observatory","PUF_MBO_04","01/07/2024","15/07/2024","Glypsus_-21471",398,0.373358348968105
"g","Bird Observatory","PUF_MBO_04","01/07/2024","15/07/2024","Bos_9903",308,0.288930581613508
"g","Bird Observatory","PUF_MBO_04","01/07/2024","15/07/2024",NA,244,0.228893058161351
"g","Bird Observatory","PUF_MBO_04","01/07/2024","15/07/2024","Rhacognathus_1545358",116,0.108818011257036
"g","Bird Observatory","PUF_MBO_05","15/07/2024","29/07/2024","Choristoneura_7140",8556,0.958762886597938
"g","Bird Observatory","PUF_MBO_05","15/07/2024","29/07/2024","Glypsus_-21471",368,0.0412371134020619
"g","Bird Observatory","PUF_MBO_06","29/07/2024","12/08/2024","Glypsus_-21471",588,0.910216718266254
"g","Bird Observatory","PUF_MBO_06","29/07/2024","12/08/2024",NA,58,0.0897832817337461
"g","Bird Observatory","PUF_MBO_07","12/08/2024","26/08/2024","Glypsus_-21471",1123,0.865844255975328
"g","Bird Observatory","PUF_MBO_07","12/08/2024","26/08/2024",NA,174,0.134155744024672
"g","Bird Observatory","PUF_MBO_08","26/08/2024","09/09/2024","Glypsus_-21471",1252,0.937827715355805
"g","Bird Observatory","PUF_MBO_08","26/08/2024","09/09/2024",NA,83,0.0621722846441948
"g","Bird Observatory","PUF_MBO_09","09/09/2024","23/09/2024","Glypsus_-21471",1901,0.82152117545376
"g","Bird Observatory","PUF_MBO_09","09/09/2024","23/09/2024",NA,413,0.17847882454624
"g","Bird Observatory","PUF_MBO_10","23/09/2024","07/10/2024","Glypsus_-21471",800,0.931315483119907
"g","Bird Observatory","PUF_MBO_10","23/09/2024","07/10/2024",NA,59,0.0686845168800931
"g","Botanical Garden","PUF_BOT_01","17/05/2024","31/05/2024",NA,411,0.608888888888889
"g","Botanical Garden","PUF_BOT_01","17/05/2024","31/05/2024","Pionidia_2613197",92,0.136296296296296
"g","Botanical Garden","PUF_BOT_01","17/05/2024","31/05/2024","Trisetacus_1227674",75,0.111111111111111
"g","Botanical Garden","PUF_BOT_01","17/05/2024","31/05/2024","Eriosoma_133081",36,0.0533333333333333
"g","Botanical Garden","PUF_BOT_01","17/05/2024","31/05/2024","Homo_9605",31,0.0459259259259259
"g","Botanical Garden","PUF_BOT_01","17/05/2024","31/05/2024","Heleniella_611355",30,0.0444444444444444
"g","Botanical Garden","PUF_BOT_02","31/05/2024","14/06/2024",NA,1804,0.849340866290019
"g","Botanical Garden","PUF_BOT_02","31/05/2024","14/06/2024","Glypsus_-21471",121,0.0569679849340866
"g","Botanical Garden","PUF_BOT_02","31/05/2024","14/06/2024","Xestia_320016",109,0.0513182674199623
"g","Botanical Garden","PUF_BOT_02","31/05/2024","14/06/2024","Tydeus_1670773",53,0.0249529190207156
"g","Botanical Garden","PUF_BOT_02","31/05/2024","14/06/2024","Aculus_644140",37,0.0174199623352166
"g","Botanical Garden","PUF_BOT_03","24/06/2024","28/06/2024","Bos_9903",88,1
"g","Botanical Garden","PUF_BOT_04","28/06/2024","12/07/2024","Glypsus_-21471",524,0.730822873082287
"g","Botanical Garden","PUF_BOT_04","28/06/2024","12/07/2024","Asteia_305551",138,0.192468619246862
"g","Botanical Garden","PUF_BOT_04","28/06/2024","12/07/2024","Pionidia_2613197",33,0.0460251046025105
"g","Botanical Garden","PUF_BOT_04","28/06/2024","12/07/2024",NA,22,0.0306834030683403
"g","Botanical Garden","PUF_BOT_05","12/07/2024","26/07/2024","Glypsus_-21471",569,0.446274509803922
"g","Botanical Garden","PUF_BOT_05","12/07/2024","26/07/2024","Dasineura_240745",381,0.298823529411765
"g","Botanical Garden","PUF_BOT_05","12/07/2024","26/07/2024",NA,181,0.141960784313725
"g","Botanical Garden","PUF_BOT_05","12/07/2024","26/07/2024","Bos_9903",61,0.047843137254902
"g","Botanical Garden","PUF_BOT_05","12/07/2024","26/07/2024","Pionidia_2613197",52,0.0407843137254902
"g","Botanical Garden","PUF_BOT_05","12/07/2024","26/07/2024","Shevtchenkella_1452708",31,0.0243137254901961
"g","Botanical Garden","PUF_BOT_06","26/07/2024","09/08/2024","Pyla_683885",17783,0.921972210700954
"g","Botanical Garden","PUF_BOT_06","26/07/2024","09/08/2024","Glypsus_-21471",800,0.0414765657403567
"g","Botanical Garden","PUF_BOT_06","26/07/2024","09/08/2024","Homo_9605",705,0.0365512235586893
"g","Botanical Garden","PUF_BOT_07","09/08/2024","23/08/2024","Glypsus_-21471",1959,0.967407407407407
"g","Botanical Garden","PUF_BOT_07","09/08/2024","23/08/2024",NA,66,0.0325925925925926
"g","Botanical Garden","PUF_BOT_08","23/08/2024","06/09/2024","Glypsus_-21471",571,0.664726426076834
"g","Botanical Garden","PUF_BOT_08","23/08/2024","06/09/2024",NA,177,0.206053550640279
"g","Botanical Garden","PUF_BOT_08","23/08/2024","06/09/2024","Lasius_7482",41,0.0477299185098952
"g","Botanical Garden","PUF_BOT_08","23/08/2024","06/09/2024","Aceria_109362",38,0.0442374854481956
"g","Botanical Garden","PUF_BOT_08","23/08/2024","06/09/2024","Tydeus_1670773",32,0.0372526193247963
"g","Botanical Garden","PUF_BOT_09","06/09/2024","20/09/2024","Glypsus_-21471",1107,0.866197183098592
"g","Botanical Garden","PUF_BOT_09","06/09/2024","20/09/2024","Pionidia_2613197",134,0.104851330203443
"g","Botanical Garden","PUF_BOT_09","06/09/2024","20/09/2024",NA,37,0.0289514866979656
"g","Botanical Garden","PUF_BOT_10","20/09/2024","04/10/2024","Glypsus_-21471",2761,0.73023009785771
"g","Botanical Garden","PUF_BOT_10","20/09/2024","04/10/2024",NA,620,0.163977783655118
"g","Botanical Garden","PUF_BOT_10","20/09/2024","04/10/2024","Bos_9903",327,0.0864850568632637
"g","Botanical Garden","PUF_BOT_10","20/09/2024","04/10/2024","Pionidia_2613197",73,0.019307061623909
"g","Boucherville","PUF_BOU_01","27/05/2024","10/06/2024",NA,234,1
"g","Boucherville","PUF_BOU_02","10/06/2024","24/06/2024",NA,449,0.473628691983122
"g","Boucherville","PUF_BOU_02","10/06/2024","24/06/2024","Deuterosminthurus_1304590",344,0.362869198312236
"g","Boucherville","PUF_BOU_02","10/06/2024","24/06/2024","Tyrophagus_41443",76,0.080168776371308
"g","Boucherville","PUF_BOU_02","10/06/2024","24/06/2024","Homo_9605",34,0.0358649789029536
"g","Boucherville","PUF_BOU_02","10/06/2024","24/06/2024","Cantharis_41098",24,0.0253164556962025
"g","Boucherville","PUF_BOU_02","10/06/2024","24/06/2024","Pionidia_2613197",21,0.0221518987341772
"g","Boucherville","PUF_BOU_03","24/06/2024","08/07/2024",NA,281,0.505395683453237
"g","Boucherville","PUF_BOU_03","24/06/2024","08/07/2024","Glypsus_-21471",115,0.206834532374101
"g","Boucherville","PUF_BOU_03","24/06/2024","08/07/2024","Deuterosminthurus_1304590",82,0.147482014388489
"g","Boucherville","PUF_BOU_03","24/06/2024","08/07/2024","Bos_9903",57,0.102517985611511
"g","Boucherville","PUF_BOU_03","24/06/2024","08/07/2024","Tydeus_1670773",21,0.0377697841726619
"g","Boucherville","PUF_BOU_04","08/07/2024","22/07/2024","Glypsus_-21471",276,0.655581947743468
"g","Boucherville","PUF_BOU_04","08/07/2024","22/07/2024",NA,93,0.220902612826603
"g","Boucherville","PUF_BOU_04","08/07/2024","22/07/2024","Melanoplus_30252",32,0.0760095011876485
"g","Boucherville","PUF_BOU_04","08/07/2024","22/07/2024","Pionidia_2613197",20,0.0475059382422803
"g","Boucherville","PUF_BOU_05","22/07/2024","05/08/2024","Glypsus_-21471",1825,0.901234567901235
"g","Boucherville","PUF_BOU_05","22/07/2024","05/08/2024","Aphis_80764",140,0.0691358024691358
"g","Boucherville","PUF_BOU_05","22/07/2024","05/08/2024",NA,60,0.0296296296296296
"g","Boucherville","PUF_BOU_06","05/08/2024","19/08/2024","Glypsus_-21471",563,0.800853485064011
"g","Boucherville","PUF_BOU_06","05/08/2024","19/08/2024",NA,75,0.106685633001422
"g","Boucherville","PUF_BOU_06","05/08/2024","19/08/2024","Pionidia_2613197",35,0.0497866287339972
"g","Boucherville","PUF_BOU_06","05/08/2024","19/08/2024","Artemia_6660",30,0.042674253200569
"g","Boucherville","PUF_BOU_07","19/08/2024","02/09/2024",NA,119,0.367283950617284
"g","Boucherville","PUF_BOU_07","19/08/2024","02/09/2024","Glypsus_-21471",92,0.283950617283951
"g","Boucherville","PUF_BOU_07","19/08/2024","02/09/2024","Bos_9903",60,0.185185185185185
"g","Boucherville","PUF_BOU_07","19/08/2024","02/09/2024","Deuterosminthurus_1304590",53,0.16358024691358
"g","Boucherville","PUF_BOU_08","02/09/2024","16/09/2024","Glypsus_-21471",1701,0.926470588235294
"g","Boucherville","PUF_BOU_08","02/09/2024","16/09/2024",NA,135,0.0735294117647059
"g","Boucherville","PUF_BOU_09","16/09/2024","30/09/2024","Glypsus_-21471",1259,0.748068924539513
"g","Boucherville","PUF_BOU_09","16/09/2024","30/09/2024",NA,359,0.213309566250743
"g","Boucherville","PUF_BOU_09","16/09/2024","30/09/2024","Homo_9605",65,0.0386215092097445
"g","IPEX","PUF_IPEX_01","15/05/2024","29/05/2024","Glypsus_-21471",48,0.444444444444444
"g","IPEX","PUF_IPEX_01","15/05/2024","29/05/2024",NA,29,0.268518518518519
"g","IPEX","PUF_IPEX_01","15/05/2024","29/05/2024","Bos_9903",21,0.194444444444444
"g","IPEX","PUF_IPEX_01","15/05/2024","29/05/2024","Homo_9605",7,0.0648148148148148
"g","IPEX","PUF_IPEX_01","15/05/2024","29/05/2024","Rhyncaphytoptus_1452700",3,0.0277777777777778
"g","IPEX","PUF_IPEX_02","29/05/2024","12/06/2024",NA,1007,0.768702290076336
"g","IPEX","PUF_IPEX_02","29/05/2024","12/06/2024","Abacarus_644136",125,0.0954198473282443
"g","IPEX","PUF_IPEX_02","29/05/2024","12/06/2024","Glypsus_-21471",90,0.0687022900763359
"g","IPEX","PUF_IPEX_02","29/05/2024","12/06/2024","Rhacognathus_1545358",52,0.0396946564885496
"g","IPEX","PUF_IPEX_02","29/05/2024","12/06/2024","Tanytarsus_288802",36,0.0274809160305344
"g","IPEX","PUF_IPEX_03","12/06/2024","26/06/2024","Larinioides_280405",9846,0.952685050798258
"g","IPEX","PUF_IPEX_03","12/06/2024","26/06/2024",NA,315,0.0304789550072569
"g","IPEX","PUF_IPEX_03","12/06/2024","26/06/2024","Glypsus_-21471",174,0.0168359941944848
"g","IPEX","PUF_IPEX_04","26/06/2024","10/07/2024","Glypsus_-21471",888,0.673237300985595
"g","IPEX","PUF_IPEX_04","26/06/2024","10/07/2024",NA,210,0.159211523881729
"g","IPEX","PUF_IPEX_04","26/06/2024","10/07/2024","Tydeus_1670773",116,0.087945413191812
"g","IPEX","PUF_IPEX_04","26/06/2024","10/07/2024","Rhacognathus_1545358",105,0.0796057619408643
"g","IPEX","PUF_IPEX_05","10/07/2024","24/07/2024","Glypsus_-21471",3773,0.738211700254353
"g","IPEX","PUF_IPEX_05","10/07/2024","24/07/2024",NA,1217,0.238113872040697
"g","IPEX","PUF_IPEX_05","10/07/2024","24/07/2024","Deuterosminthurus_1304590",121,0.0236744277049501
"g","IPEX","PUF_IPEX_06","24/07/2024","07/08/2024","Glypsus_-21471",812,0.937644341801386
"g","IPEX","PUF_IPEX_06","24/07/2024","07/08/2024",NA,54,0.0623556581986143
"g","IPEX","PUF_IPEX_07","07/08/2024","21/08/2024","Glypsus_-21471",1045,0.805705474171164
"g","IPEX","PUF_IPEX_07","07/08/2024","21/08/2024",NA,252,0.194294525828836
"g","IPEX","PUF_IPEX_08","21/08/2024","04/09/2024","Glypsus_-21471",1466,0.846420323325635
"g","IPEX","PUF_IPEX_08","21/08/2024","04/09/2024",NA,266,0.153579676674365
"g","IPEX","PUF_IPEX_09","04/09/2024","18/09/2024","Glypsus_-21471",962,1
"g","IPEX","PUF_IPEX_10","18/09/2024","02/10/2024","Glypsus_-21471",2651,0.795140971805639
"g","IPEX","PUF_IPEX_10","18/09/2024","02/10/2024","Liposcelis_160150",574,0.172165566886623
"g","IPEX","PUF_IPEX_10","18/09/2024","02/10/2024","Pionidia_2613197",109,0.0326934613077385
"g","Jean-Drapeau","PUF_JD_01","22/05/2024","05/06/2024","Hypena_95218",6071,0.710889929742389
"g","Jean-Drapeau","PUF_JD_01","22/05/2024","05/06/2024","Anystis_66557",1435,0.168032786885246
"g","Jean-Drapeau","PUF_JD_01","22/05/2024","05/06/2024",NA,782,0.0915690866510539
"g","Jean-Drapeau","PUF_JD_01","22/05/2024","05/06/2024","Lasioseius_296243",114,0.0133489461358314
"g","Jean-Drapeau","PUF_JD_01","22/05/2024","05/06/2024","Tetragnatha_27395",76,0.00889929742388759
"g","Jean-Drapeau","PUF_JD_01","22/05/2024","05/06/2024","Cricotopus_153373",62,0.00725995316159251
"g","Jean-Drapeau","PUF_JD_02","05/06/2024","19/06/2024","Pigritia_347817",13484,0.963693539165237
"g","Jean-Drapeau","PUF_JD_02","05/06/2024","19/06/2024",NA,231,0.0165094339622642
"g","Jean-Drapeau","PUF_JD_02","05/06/2024","19/06/2024","Xestia_320016",183,0.0130789022298456
"g","Jean-Drapeau","PUF_JD_02","05/06/2024","19/06/2024","Hydroptila_599788",94,0.00671812464265294
"g","Jean-Drapeau","PUF_JD_03","19/06/2024","03/07/2024","Plagiognathus_236934",163,0.249235474006116
"g","Jean-Drapeau","PUF_JD_03","19/06/2024","03/07/2024","Glypsus_-21471",160,0.244648318042813
"g","Jean-Drapeau","PUF_JD_03","19/06/2024","03/07/2024","Homo_9605",94,0.143730886850153
"g","Jean-Drapeau","PUF_JD_03","19/06/2024","03/07/2024","Thaumatomyia_333800",93,0.142201834862385
"g","Jean-Drapeau","PUF_JD_03","19/06/2024","03/07/2024",NA,58,0.0886850152905199
"g","Jean-Drapeau","PUF_JD_03","19/06/2024","03/07/2024","Pionidia_2613197",55,0.0840978593272171
"g","Jean-Drapeau","PUF_JD_03","19/06/2024","03/07/2024","Chrysoperla_7521",31,0.0474006116207951
"g","Jean-Drapeau","PUF_JD_04","03/07/2024","17/07/2024","Glypsus_-21471",996,0.627994955863808
"g","Jean-Drapeau","PUF_JD_04","03/07/2024","17/07/2024","Bos_9903",217,0.136822194199243
"g","Jean-Drapeau","PUF_JD_04","03/07/2024","17/07/2024","Tetragnatha_27395",153,0.096469104665826
"g","Jean-Drapeau","PUF_JD_04","03/07/2024","17/07/2024","Pionidia_2613197",149,0.0939470365699874
"g","Jean-Drapeau","PUF_JD_04","03/07/2024","17/07/2024",NA,71,0.0447667087011349
"g","Jean-Drapeau","PUF_JD_05","17/07/2024","31/07/2024","Tetragnatha_27395",1700,0.43904958677686
"g","Jean-Drapeau","PUF_JD_05","17/07/2024","31/07/2024","Glypsus_-21471",609,0.15728305785124
"g","Jean-Drapeau","PUF_JD_05","17/07/2024","31/07/2024","Pemphigus_13192",429,0.110795454545455
"g","Jean-Drapeau","PUF_JD_05","17/07/2024","31/07/2024",NA,402,0.103822314049587
"g","Jean-Drapeau","PUF_JD_05","17/07/2024","31/07/2024","Pionidia_2613197",297,0.0767045454545455
"g","Jean-Drapeau","PUF_JD_05","17/07/2024","31/07/2024","Cricotopus_153373",243,0.0627582644628099
"g","Jean-Drapeau","PUF_JD_05","17/07/2024","31/07/2024","Euschistus_437492",55,0.0142045454545455
"g","Jean-Drapeau","PUF_JD_05","17/07/2024","31/07/2024","Tetra_1310384",50,0.0129132231404959
"g","Jean-Drapeau","PUF_JD_05","17/07/2024","31/07/2024","Bos_9903",45,0.0116219008264463
"g","Jean-Drapeau","PUF_JD_05","17/07/2024","31/07/2024","Aphis_80764",42,0.0108471074380165
"g","Jean-Drapeau","PUF_JD_06","31/07/2024","14/08/2024","Glypsus_-21471",3494,0.950489662676823
"g","Jean-Drapeau","PUF_JD_06","31/07/2024","14/08/2024","Tetragnatha_27395",119,0.0323721436343852
"g","Jean-Drapeau","PUF_JD_06","31/07/2024","14/08/2024",NA,63,0.0171381936887922
"g","Jean-Drapeau","PUF_JD_07","14/08/2024","28/08/2024","Glypsus_-21471",2271,0.580521472392638
"g","Jean-Drapeau","PUF_JD_07","14/08/2024","28/08/2024","Harmonia_115356",867,0.221625766871166
"g","Jean-Drapeau","PUF_JD_07","14/08/2024","28/08/2024","Hydropsyche_50443",592,0.151329243353783
"g","Jean-Drapeau","PUF_JD_07","14/08/2024","28/08/2024",NA,182,0.0465235173824131
"g","Jean-Drapeau","PUF_JD_08","28/08/2024","11/09/2024","Tetragnatha_27395",8581,0.989050253573075
"g","Jean-Drapeau","PUF_JD_08","28/08/2024","11/09/2024","Glypsus_-21471",95,0.0109497464269248
"g","Jean-Drapeau","PUF_JD_09","11/09/2024","25/09/2024","Glypsus_-21471",670,0.612431444241316
"g","Jean-Drapeau","PUF_JD_09","11/09/2024","25/09/2024","Pionidia_2613197",227,0.207495429616088
"g","Jean-Drapeau","PUF_JD_09","11/09/2024","25/09/2024",NA,128,0.117001828153565
"g","Jean-Drapeau","PUF_JD_09","11/09/2024","25/09/2024","Obus_279488",69,0.0630712979890311
"g","Jean-Drapeau","PUF_JD_10","25/09/2024","09/10/2024","Capitophorus_527611",6147,0.753585877160721
"g","Jean-Drapeau","PUF_JD_10","25/09/2024","09/10/2024","Glypsus_-21471",1552,0.190266029177394
"g","Jean-Drapeau","PUF_JD_10","25/09/2024","09/10/2024","Cricotopus_153373",243,0.0297903641044502
"g","Jean-Drapeau","PUF_JD_10","25/09/2024","09/10/2024","Tetragnatha_27395",215,0.0263577295574353
"g",NA,NA,NA,NA,"Cethosia_127316",15388,0.517835509489837
"g",NA,NA,NA,NA,"Heliconius_33416",10768,0.362363709785974
"g",NA,NA,NA,NA,"Caligo_127325",2710,0.091196661731054
"g",NA,NA,NA,NA,"Willowsia_181624",340,0.011441647597254
"g",NA,NA,NA,NA,"Parthenos_191422",284,0.00955714093417688
"g",NA,NA,NA,NA,"Papilio_7145",226,0.00760533046170413
"s","Bird Observatory","PUF_MBO_01","20/05/2024","03/06/2024",NA,1190,0.668915120854413
"s","Bird Observatory","PUF_MBO_01","20/05/2024","03/06/2024","Glypsus_conspicuus_-21472",128,0.0719505340078696
"s","Bird Observatory","PUF_MBO_01","20/05/2024","03/06/2024","Aculodes_mckenziei_644532",120,0.0674536256323777
"s","Bird Observatory","PUF_MBO_01","20/05/2024","03/06/2024","Abacarus_plumiger_2316514",84,0.0472175379426644
"s","Bird Observatory","PUF_MBO_01","20/05/2024","03/06/2024","Megaselia_hirticrus_1987627",72,0.0404721753794266
"s","Bird Observatory","PUF_MBO_01","20/05/2024","03/06/2024","Labidomera_clivicollis_131652",67,0.0376616076447442
"s","Bird Observatory","PUF_MBO_01","20/05/2024","03/06/2024","Aculus_schlechtendali_2813516",60,0.0337268128161889
"s","Bird Observatory","PUF_MBO_01","20/05/2024","03/06/2024","Abacarus_hystrix_644148",58,0.0326025857223159
"s","Bird Observatory","PUF_MBO_02","03/06/2024","17/06/2024","Xestia_c-nigrum_987431",8006,0.525949283931152
"s","Bird Observatory","PUF_MBO_02","03/06/2024","17/06/2024",NA,7216,0.474050716068848
"s","Bird Observatory","PUF_MBO_03","17/06/2024","01/07/2024","Glypsus_conspicuus_-21472",305,0.686936936936937
"s","Bird Observatory","PUF_MBO_03","17/06/2024","01/07/2024","Philodromus_rufus_336570",139,0.313063063063063
"s","Bird Observatory","PUF_MBO_04","01/07/2024","15/07/2024","Glypsus_conspicuus_-21472",398,0.373358348968105
"s","Bird Observatory","PUF_MBO_04","01/07/2024","15/07/2024","Bos_taurus_9913",308,0.288930581613508
"s","Bird Observatory","PUF_MBO_04","01/07/2024","15/07/2024",NA,244,0.228893058161351
"s","Bird Observatory","PUF_MBO_04","01/07/2024","15/07/2024","Rhacognathus_americanus_-21479",116,0.108818011257036
"s","Bird Observatory","PUF_MBO_05","15/07/2024","29/07/2024","Choristoneura_rosaceana_27543",8556,0.958762886597938
"s","Bird Observatory","PUF_MBO_05","15/07/2024","29/07/2024","Glypsus_conspicuus_-21472",368,0.0412371134020619
"s","Bird Observatory","PUF_MBO_06","29/07/2024","12/08/2024","Glypsus_conspicuus_-21472",588,0.910216718266254
"s","Bird Observatory","PUF_MBO_06","29/07/2024","12/08/2024",NA,58,0.0897832817337461
"s","Bird Observatory","PUF_MBO_07","12/08/2024","26/08/2024","Glypsus_conspicuus_-21472",1123,0.865844255975328
"s","Bird Observatory","PUF_MBO_07","12/08/2024","26/08/2024",NA,174,0.134155744024672
"s","Bird Observatory","PUF_MBO_08","26/08/2024","09/09/2024","Glypsus_conspicuus_-21472",1252,0.937827715355805
"s","Bird Observatory","PUF_MBO_08","26/08/2024","09/09/2024",NA,83,0.0621722846441948
"s","Bird Observatory","PUF_MBO_09","09/09/2024","23/09/2024","Glypsus_conspicuus_-21472",1901,0.82152117545376
"s","Bird Observatory","PUF_MBO_09","09/09/2024","23/09/2024",NA,413,0.17847882454624
"s","Bird Observatory","PUF_MBO_10","23/09/2024","07/10/2024","Glypsus_conspicuus_-21472",800,0.931315483119907
"s","Bird Observatory","PUF_MBO_10","23/09/2024","07/10/2024",NA,59,0.0686845168800931
"s","Botanical Garden","PUF_BOT_01","17/05/2024","31/05/2024",NA,533,0.78962962962963
"s","Botanical Garden","PUF_BOT_01","17/05/2024","31/05/2024","Trisetacus_thujae_2695370",75,0.111111111111111
"s","Botanical Garden","PUF_BOT_01","17/05/2024","31/05/2024","Eriosoma_americanum_527649",36,0.0533333333333333
"s","Botanical Garden","PUF_BOT_01","17/05/2024","31/05/2024","Homo_sapiens_9606",31,0.0459259259259259
"s","Botanical Garden","PUF_BOT_02","31/05/2024","14/06/2024",NA,1857,0.874293785310734
"s","Botanical Garden","PUF_BOT_02","31/05/2024","14/06/2024","Glypsus_conspicuus_-21472",121,0.0569679849340866
"s","Botanical Garden","PUF_BOT_02","31/05/2024","14/06/2024","Xestia_c-nigrum_987431",109,0.0513182674199623
"s","Botanical Garden","PUF_BOT_02","31/05/2024","14/06/2024","Aculus_populi_2920999",37,0.0174199623352166
"s","Botanical Garden","PUF_BOT_03","24/06/2024","28/06/2024","Bos_taurus_9913",88,1
"s","Botanical Garden","PUF_BOT_04","28/06/2024","12/07/2024","Glypsus_conspicuus_-21472",524,0.730822873082287
"s","Botanical Garden","PUF_BOT_04","28/06/2024","12/07/2024","Asteia_amoena_716597",138,0.192468619246862
"s","Botanical Garden","PUF_BOT_04","28/06/2024","12/07/2024",NA,55,0.0767085076708508
"s","Botanical Garden","PUF_BOT_05","12/07/2024","26/07/2024",NA,614,0.48156862745098
"s","Botanical Garden","PUF_BOT_05","12/07/2024","26/07/2024","Glypsus_conspicuus_-21472",569,0.446274509803922
"s","Botanical Garden","PUF_BOT_05","12/07/2024","26/07/2024","Bos_taurus_9913",61,0.047843137254902
"s","Botanical Garden","PUF_BOT_05","12/07/2024","26/07/2024","Shevtchenkella_serrata_2883626",31,0.0243137254901961
"s","Botanical Garden","PUF_BOT_06","26/07/2024","09/08/2024","Pyla_fusca_683886",17783,0.921972210700954
"s","Botanical Garden","PUF_BOT_06","26/07/2024","09/08/2024","Glypsus_conspicuus_-21472",800,0.0414765657403567
"s","Botanical Garden","PUF_BOT_06","26/07/2024","09/08/2024","Homo_sapiens_9606",705,0.0365512235586893
"s","Botanical Garden","PUF_BOT_07","09/08/2024","23/08/2024","Glypsus_conspicuus_-21472",1959,0.967407407407407
"s","Botanical Garden","PUF_BOT_07","09/08/2024","23/08/2024",NA,66,0.0325925925925926
"s","Botanical Garden","PUF_BOT_08","23/08/2024","06/09/2024","Glypsus_conspicuus_-21472",571,0.664726426076834
"s","Botanical Garden","PUF_BOT_08","23/08/2024","06/09/2024",NA,209,0.243306169965076
"s","Botanical Garden","PUF_BOT_08","23/08/2024","06/09/2024","Lasius_nearcticus_488575",41,0.0477299185098952
"s","Botanical Garden","PUF_BOT_08","23/08/2024","06/09/2024","Aceria_fraxiniflora_2837636",38,0.0442374854481956
"s","Botanical Garden","PUF_BOT_09","06/09/2024","20/09/2024","Glypsus_conspicuus_-21472",1107,0.866197183098592
"s","Botanical Garden","PUF_BOT_09","06/09/2024","20/09/2024",NA,171,0.133802816901408
"s","Botanical Garden","PUF_BOT_10","20/09/2024","04/10/2024","Glypsus_conspicuus_-21472",2761,0.73023009785771
"s","Botanical Garden","PUF_BOT_10","20/09/2024","04/10/2024",NA,693,0.183284845279027
"s","Botanical Garden","PUF_BOT_10","20/09/2024","04/10/2024","Bos_taurus_9913",327,0.0864850568632637
"s","Boucherville","PUF_BOU_01","27/05/2024","10/06/2024",NA,234,1
"s","Boucherville","PUF_BOU_02","10/06/2024","24/06/2024",NA,470,0.4957805907173
"s","Boucherville","PUF_BOU_02","10/06/2024","24/06/2024","Deuterosminthurus_bicinctus_2041938",344,0.362869198312236
"s","Boucherville","PUF_BOU_02","10/06/2024","24/06/2024","Tyrophagus_putrescentiae_59818",76,0.080168776371308
"s","Boucherville","PUF_BOU_02","10/06/2024","24/06/2024","Homo_sapiens_9606",34,0.0358649789029536
"s","Boucherville","PUF_BOU_02","10/06/2024","24/06/2024","Cantharis_versicolor_-4961",24,0.0253164556962025
"s","Boucherville","PUF_BOU_03","24/06/2024","08/07/2024",NA,302,0.543165467625899
"s","Boucherville","PUF_BOU_03","24/06/2024","08/07/2024","Glypsus_conspicuus_-21472",115,0.206834532374101
"s","Boucherville","PUF_BOU_03","24/06/2024","08/07/2024","Deuterosminthurus_bicinctus_2041938",82,0.147482014388489
"s","Boucherville","PUF_BOU_03","24/06/2024","08/07/2024","Bos_taurus_9913",57,0.102517985611511
"s","Boucherville","PUF_BOU_04","08/07/2024","22/07/2024","Glypsus_conspicuus_-21472",276,0.655581947743468
"s","Boucherville","PUF_BOU_04","08/07/2024","22/07/2024",NA,113,0.268408551068884
"s","Boucherville","PUF_BOU_04","08/07/2024","22/07/2024","Melanoplus_femurrubrum_103640",32,0.0760095011876485
"s","Boucherville","PUF_BOU_05","22/07/2024","05/08/2024","Glypsus_conspicuus_-21472",1825,0.901234567901235
"s","Boucherville","PUF_BOU_05","22/07/2024","05/08/2024","Aphis_glycines_307491",140,0.0691358024691358
"s","Boucherville","PUF_BOU_05","22/07/2024","05/08/2024",NA,60,0.0296296296296296
"s","Boucherville","PUF_BOU_06","05/08/2024","19/08/2024","Glypsus_conspicuus_-21472",563,0.800853485064011
"s","Boucherville","PUF_BOU_06","05/08/2024","19/08/2024",NA,110,0.15647226173542
"s","Boucherville","PUF_BOU_06","05/08/2024","19/08/2024","Artemia_sorgeloosi_3034414",30,0.042674253200569
"s","Boucherville","PUF_BOU_07","19/08/2024","02/09/2024",NA,119,0.367283950617284
"s","Boucherville","PUF_BOU_07","19/08/2024","02/09/2024","Glypsus_conspicuus_-21472",92,0.283950617283951
"s","Boucherville","PUF_BOU_07","19/08/2024","02/09/2024","Bos_taurus_9913",60,0.185185185185185
"s","Boucherville","PUF_BOU_07","19/08/2024","02/09/2024","Deuterosminthurus_bicinctus_2041938",53,0.16358024691358
"s","Boucherville","PUF_BOU_08","02/09/2024","16/09/2024","Glypsus_conspicuus_-21472",1701,0.926470588235294
"s","Boucherville","PUF_BOU_08","02/09/2024","16/09/2024",NA,135,0.0735294117647059
"s","Boucherville","PUF_BOU_09","16/09/2024","30/09/2024","Glypsus_conspicuus_-21472",1259,0.748068924539513
"s","Boucherville","PUF_BOU_09","16/09/2024","30/09/2024",NA,359,0.213309566250743
"s","Boucherville","PUF_BOU_09","16/09/2024","30/09/2024","Homo_sapiens_9606",65,0.0386215092097445
"s","IPEX","PUF_IPEX_01","15/05/2024","29/05/2024","Glypsus_conspicuus_-21472",48,0.444444444444444
"s","IPEX","PUF_IPEX_01","15/05/2024","29/05/2024",NA,29,0.268518518518519
"s","IPEX","PUF_IPEX_01","15/05/2024","29/05/2024","Bos_grunniens_30521",21,0.194444444444444
"s","IPEX","PUF_IPEX_01","15/05/2024","29/05/2024","Homo_sapiens_9606",7,0.0648148148148148
"s","IPEX","PUF_IPEX_01","15/05/2024","29/05/2024","Rhyncaphytoptus_amplus_2837673",3,0.0277777777777778
"s","IPEX","PUF_IPEX_02","29/05/2024","12/06/2024",NA,1043,0.79618320610687
"s","IPEX","PUF_IPEX_02","29/05/2024","12/06/2024","Abacarus_hystrix_644148",125,0.0954198473282443
"s","IPEX","PUF_IPEX_02","29/05/2024","12/06/2024","Glypsus_conspicuus_-21472",90,0.0687022900763359
"s","IPEX","PUF_IPEX_02","29/05/2024","12/06/2024","Rhacognathus_americanus_-21479",52,0.0396946564885496
"s","IPEX","PUF_IPEX_03","12/06/2024","26/06/2024","Larinioides_sclopetarius_280406",9576,0.92656023222061
"s","IPEX","PUF_IPEX_03","12/06/2024","26/06/2024",NA,585,0.0566037735849057
"s","IPEX","PUF_IPEX_03","12/06/2024","26/06/2024","Glypsus_conspicuus_-21472",174,0.0168359941944848
"s","IPEX","PUF_IPEX_04","26/06/2024","10/07/2024","Glypsus_conspicuus_-21472",888,0.673237300985595
"s","IPEX","PUF_IPEX_04","26/06/2024","10/07/2024",NA,326,0.247156937073541
"s","IPEX","PUF_IPEX_04","26/06/2024","10/07/2024","Rhacognathus_americanus_-21479",105,0.0796057619408643
"s","IPEX","PUF_IPEX_05","10/07/2024","24/07/2024","Glypsus_conspicuus_-21472",3773,0.738211700254353
"s","IPEX","PUF_IPEX_05","10/07/2024","24/07/2024",NA,1217,0.238113872040697
"s","IPEX","PUF_IPEX_05","10/07/2024","24/07/2024","Deuterosminthurus_bicinctus_2041938",121,0.0236744277049501
"s","IPEX","PUF_IPEX_06","24/07/2024","07/08/2024","Glypsus_conspicuus_-21472",812,0.937644341801386
"s","IPEX","PUF_IPEX_06","24/07/2024","07/08/2024",NA,54,0.0623556581986143
"s","IPEX","PUF_IPEX_07","07/08/2024","21/08/2024","Glypsus_conspicuus_-21472",1045,0.805705474171164
"s","IPEX","PUF_IPEX_07","07/08/2024","21/08/2024",NA,252,0.194294525828836
"s","IPEX","PUF_IPEX_08","21/08/2024","04/09/2024","Glypsus_conspicuus_-21472",1466,0.846420323325635
"s","IPEX","PUF_IPEX_08","21/08/2024","04/09/2024",NA,266,0.153579676674365
"s","IPEX","PUF_IPEX_09","04/09/2024","18/09/2024","Glypsus_conspicuus_-21472",962,1
"s","IPEX","PUF_IPEX_10","18/09/2024","02/10/2024","Glypsus_conspicuus_-21472",2651,0.795140971805639
"s","IPEX","PUF_IPEX_10","18/09/2024","02/10/2024","Liposcelis_paeta_209927",574,0.172165566886623
"s","IPEX","PUF_IPEX_10","18/09/2024","02/10/2024",NA,109,0.0326934613077385
"s","Jean-Drapeau","PUF_JD_01","22/05/2024","05/06/2024","Hypena_scabra_95219",6071,0.710889929742389
"s","Jean-Drapeau","PUF_JD_01","22/05/2024","05/06/2024","Anystis_baccarum_2250316",1435,0.168032786885246
"s","Jean-Drapeau","PUF_JD_01","22/05/2024","05/06/2024",NA,958,0.112177985948478
"s","Jean-Drapeau","PUF_JD_01","22/05/2024","05/06/2024","Tetragnatha_shoshone_1659988",76,0.00889929742388759
"s","Jean-Drapeau","PUF_JD_02","05/06/2024","19/06/2024","Pigritia_fidella_1473675",13484,0.963693539165237
"s","Jean-Drapeau","PUF_JD_02","05/06/2024","19/06/2024",NA,231,0.0165094339622642
"s","Jean-Drapeau","PUF_JD_02","05/06/2024","19/06/2024","Xestia_c-nigrum_987431",183,0.0130789022298456
"s","Jean-Drapeau","PUF_JD_02","05/06/2024","19/06/2024","Hydroptila_spatulata_692086",94,0.00671812464265294
"s","Jean-Drapeau","PUF_JD_03","19/06/2024","03/07/2024",NA,206,0.314984709480122
"s","Jean-Drapeau","PUF_JD_03","19/06/2024","03/07/2024","Plagiognathus_obscurus_881741",163,0.249235474006116
"s","Jean-Drapeau","PUF_JD_03","19/06/2024","03/07/2024","Glypsus_conspicuus_-21472",160,0.244648318042813
"s","Jean-Drapeau","PUF_JD_03","19/06/2024","03/07/2024","Homo_sapiens_9606",94,0.143730886850153
"s","Jean-Drapeau","PUF_JD_03","19/06/2024","03/07/2024","Chrysoperla_adamsi_76812",31,0.0474006116207951
"s","Jean-Drapeau","PUF_JD_04","03/07/2024","17/07/2024","Glypsus_conspicuus_-21472",996,0.627994955863808
"s","Jean-Drapeau","PUF_JD_04","03/07/2024","17/07/2024",NA,220,0.138713745271122
"s","Jean-Drapeau","PUF_JD_04","03/07/2024","17/07/2024","Bos_taurus_9913",217,0.136822194199243
"s","Jean-Drapeau","PUF_JD_04","03/07/2024","17/07/2024","Tetragnatha_guatemalensis_336607",153,0.096469104665826
"s","Jean-Drapeau","PUF_JD_05","17/07/2024","31/07/2024","Tetragnatha_guatemalensis_336607",1700,0.43904958677686
"s","Jean-Drapeau","PUF_JD_05","17/07/2024","31/07/2024",NA,942,0.243285123966942
"s","Jean-Drapeau","PUF_JD_05","17/07/2024","31/07/2024","Glypsus_conspicuus_-21472",609,0.15728305785124
"s","Jean-Drapeau","PUF_JD_05","17/07/2024","31/07/2024","Pemphigus_populitransversus_220090",429,0.110795454545455
"s","Jean-Drapeau","PUF_JD_05","17/07/2024","31/07/2024","Euschistus_servus_756488",55,0.0142045454545455
"s","Jean-Drapeau","PUF_JD_05","17/07/2024","31/07/2024","Tetra_lobulifera_2837686",50,0.0129132231404959
"s","Jean-Drapeau","PUF_JD_05","17/07/2024","31/07/2024","Bos_taurus_9913",45,0.0116219008264463
"s","Jean-Drapeau","PUF_JD_05","17/07/2024","31/07/2024","Aphis_glycines_307491",42,0.0108471074380165
"s","Jean-Drapeau","PUF_JD_06","31/07/2024","14/08/2024","Glypsus_conspicuus_-21472",3494,0.950489662676823
"s","Jean-Drapeau","PUF_JD_06","31/07/2024","14/08/2024","Tetragnatha_guatemalensis_336607",119,0.0323721436343852
"s","Jean-Drapeau","PUF_JD_06","31/07/2024","14/08/2024",NA,63,0.0171381936887922
"s","Jean-Drapeau","PUF_JD_07","14/08/2024","28/08/2024","Glypsus_conspicuus_-21472",2271,0.580521472392638
"s","Jean-Drapeau","PUF_JD_07","14/08/2024","28/08/2024","Harmonia_axyridis_115357",867,0.221625766871166
"s","Jean-Drapeau","PUF_JD_07","14/08/2024","28/08/2024","Hydropsyche_alternans_3381222",592,0.151329243353783
"s","Jean-Drapeau","PUF_JD_07","14/08/2024","28/08/2024",NA,182,0.0465235173824131
"s","Jean-Drapeau","PUF_JD_08","28/08/2024","11/09/2024","Tetragnatha_guatemalensis_336607",8581,0.989050253573075
"s","Jean-Drapeau","PUF_JD_08","28/08/2024","11/09/2024","Glypsus_conspicuus_-21472",95,0.0109497464269248
"s","Jean-Drapeau","PUF_JD_09","11/09/2024","25/09/2024","Glypsus_conspicuus_-21472",670,0.612431444241316
"s","Jean-Drapeau","PUF_JD_09","11/09/2024","25/09/2024",NA,424,0.387568555758684
"s","Jean-Drapeau","PUF_JD_10","25/09/2024","09/10/2024","Capitophorus_elaeagni_527612",6147,0.753585877160721
"s","Jean-Drapeau","PUF_JD_10","25/09/2024","09/10/2024","Glypsus_conspicuus_-21472",1552,0.190266029177394
"s","Jean-Drapeau","PUF_JD_10","25/09/2024","09/10/2024","Cricotopus_trifascia_401643",243,0.0297903641044502
"s","Jean-Drapeau","PUF_JD_10","25/09/2024","09/10/2024","Tetragnatha_shoshone_1659988",215,0.0263577295574353
"s",NA,NA,NA,NA,"Cethosia_biblis_876379",15388,0.517835509489837
"s",NA,NA,NA,NA,"Heliconius_doris_33455",10768,0.362363709785974
"s",NA,NA,NA,NA,"Caligo_brasiliensis_1005066",2710,0.091196661731054
"s",NA,NA,NA,NA,"Willowsia_buskii_1458441",340,0.011441647597254
"s",NA,NA,NA,NA,"Parthenos_sylvia_3150745",284,0.00955714093417688
"s",NA,NA,NA,NA,"Papilio_rumanzovia_262663",226,0.00760533046170413
